ID,Gene,Chromosome,Start,End,Strand,Length,BioType,Description,C_fSC_1,C_fSC_2,C_fSC_3,C_fSC_4,C_AtSC_1,C_AtSC_2,C_AtSC_3,C_AtSC_4,C_LjSC_1,C_LjSC_2,C_LjSC_3,C_LjSC_4,C_mock_1,C_mock_2,C_mock_3,C_mock_4,fullSC_vs_Mock_pvalue,fullSC_vs_Mock_padj,fullSC_vs_Mock_log2FoldChange,AtSC_vs_Mock_pvalue,AtSC_vs_Mock_padj,AtSC_vs_Mock_log2FoldChange,LjSC_vs_Mock_pvalue,LjSC_vs_Mock_padj,LjSC_vs_Mock_log2FoldChange,Raw_C_AtSC_1,Raw_C_AtSC_2,Raw_C_AtSC_3,Raw_C_AtSC_4,Raw_C_LjSC_1,Raw_C_LjSC_2,Raw_C_LjSC_3,Raw_C_LjSC_4,Raw_C_mock_1,Raw_C_mock_2,Raw_C_mock_3,Raw_C_mock_4,Scale_C_AtSC_1,Scale_C_AtSC_2,Scale_C_AtSC_3,Scale_C_AtSC_4,Scale_C_LjSC_1,Scale_C_LjSC_2,Scale_C_LjSC_3,Scale_C_LjSC_4,Scale_C_mock_1,Scale_C_mock_2,Scale_C_mock_3,Scale_C_mock_4,cl
AT4G12020.4,WRKY19,4,7201522,7209692,+,8170,protein_coding,Probable WRKY transcription factor 19 [Source:UniProtKB/Swiss-Prot;Acc:Q9SZ67],6.812410653939817,7.266773752418395,6.441624131529062,7.152392662545485,7.401888855967923,7.534024132687832,7.395922252651219,7.364063268169741,7.29626770884518,7.857137110172745,7.240702786726747,7.2138442373734994,5.9220652678887165,5.193247917464215,7.042176380826055,6.90062951112494,1.0742927694085451e-6,0.002545954497634984,5.8877762764382755,4.125901364300626e-8,1.3289528294412316e-4,6.497561120980496,5.97320091887833e-7,0.001274024023987559,6.320136214986268,7.873252422933231,7.932937844353042,7.4440980241221135,7.595498900242415,7.475133323285334,7.872338690853236,7.621332792046276,7.495860682140111,4.851123368710162,5.307934341145774,5.824759510104272,5.6498229562287126,0.8402674961522033,0.892441225068492,0.46512420765441814,0.5974705676277984,0.49225356766996675,0.8394687615749866,0.6200531419946104,0.5103722904051776,-1.8015123266964268,-1.4021931751367311,-0.9504128974589812,-1.1033328588555118,2
AT4G39410.1,WRKY13,4,18332606,18334893,-,2287,protein_coding,Probable WRKY transcription factor 13 [Source:UniProtKB/Swiss-Prot;Acc:Q9SVB7],4.525208388685365,4.05859965372216,4.4264807271200315,4.157983658432901,4.661246618090552,4.143813781600763,4.465688628235732,4.342450170469954,3.958887132643069,4.235320648871678,3.8404226731493782,4.02530769768092,4.009010880086004,4.014672858980913,4.252742139350333,4.354101301435116,0.46400451233027623,0.9994776333055974,0.5221094037345563,0.28113252868083133,NA,0.7468002117105828,0.6136579203434587,0.9999393556064758,-0.39858661211229446,4.447254711269864,4.360951337130283,4.426479689475089,4.323784649776504,3.9545409165637175,4.012305170046569,4.034068802210119,4.196910427670074,4.045498008292459,4.12952118837438,4.161594561445648,4.161097128884317,1.5535460094837847,1.036716797333166,1.4291344409483517,0.8141434630364677,-1.3970788632108424,-1.0511566566268153,-0.920824778218082,0.05435504332258765,-0.852380784759733,-0.34920655319499083,-0.15713461741381382,-0.16011350070005637,3
AT4G18170.1,WRKY28,4,10061214,10062893,+,1679,protein_coding,WRKY transcription factor [Source:UniProtKB/TrEMBL;Acc:A0A178V3M3],4.301585014895187,4.532838594607958,4.811263661943508,4.470660054312333,4.49850486853861,4.667973262840612,4.578220774079939,4.271023399408958,4.764970424656169,4.469969271581681,4.757909557417875,4.505543375295416,4.932913175066232,4.485048317869494,4.4825917492233325,4.864755080132032,0.9692564249777544,0.9994776333055974,0.027754869984258183,0.8978031093677065,0.9993750365598442,0.08998262718821584,0.8562656739712491,0.9999393556064758,0.13777808296231772,4.615970514638863,4.5699940915140616,4.651037644586886,4.5715670074508905,4.614134256134208,4.5323526158892955,4.751591783159997,4.567856819368349,4.6822066991540465,4.566233500534467,4.266215564239948,4.716528941184557,0.1942713541145735,-0.18055046178024525,0.4801553884088188,-0.16772729791445734,0.17930129554131752,-0.4874217946879268,1.2999208737186438,-0.19797452768773904,0.7342604457090621,-0.2112086001043863,-2.6570984723477533,1.014071797030078,8
AT5G07100.2,WRKY26,5,2204206,2205965,+,1759,protein_coding,Probable WRKY transcription factor 26 [Source:UniProtKB/Swiss-Prot;Acc:Q9C5T3],6.401591506356105,6.907270214953286,7.00661364817915,7.269092454933979,6.367479863433281,7.259338948230625,7.282463248170073,6.886122428095928,7.551191121696038,7.469698916237677,7.41063194122906,7.434085035304127,6.736876036929832,6.872968919677787,6.83204626512574,6.787222007319091,0.30948771717443935,0.9994776333055974,0.32302473561838085,0.23528155572597145,0.9993750365598442,0.36492680253499515,0.050663244035419476,0.986845965325536,0.6538153071699594,6.949797766558167,7.073207950867587,7.221794879263833,6.884273613306455,7.295223885551416,7.221837226664029,7.259533879544588,7.202952831516143,6.848396765873814,6.849791715093364,6.80163770059391,6.781974416341594,-0.4160062690783179,0.20450365310899607,0.9516029617530797,-0.7454635781580056,1.3208060970758582,0.9518158856875759,1.141355730203085,0.8568646089405181,-0.9258533890421519,-0.9188395446295409,-1.1609593012546988,-1.2598268546063756,8
AT5G07100.1,WRKY26,5,2204248,2205811,+,1563,protein_coding,Probable WRKY transcription factor 26 [Source:UniProtKB/Swiss-Prot;Acc:Q9C5T3],5.159634673970691,5.951464972853323,6.1753748906284995,6.282315083632833,5.495120946758731,5.967202871013576,5.6746135766278485,5.644657404126973,6.248114333093552,6.391981990673475,6.301717276733186,5.981778560240028,5.741634899908727,5.81305590402402,5.562391195584191,5.400136032646168,0.7883564040017182,0.9994776333055974,0.14953958764903447,0.6730546717316948,0.9993750365598442,-0.2289129647283224,0.7750709942474111,0.9999393556064758,0.16868219005434806,5.898264280731655,5.667343938304488,5.624420507376619,5.721785093766673,5.8489406602270835,6.098392700499702,6.0850222451869245,5.750048981958689,6.096071416735561,5.835219693794771,5.801493364429479,5.677641835696222,0.32853050601878275,-1.0211159805572,-1.2719880221221727,-0.7029269746758768,0.04025165444814516,1.4982092608869897,1.4200637504172773,-0.5377346967051212,1.4846421907722929,-0.03994246765973218,-0.23706075292872095,-0.9609284678946587,7
AT4G22070.1,WRKY31,4,11691172,11694582,-,3410,protein_coding,Probable WRKY transcription factor 31 [Source:UniProtKB/Swiss-Prot;Acc:Q93WT0],6.887260733381562,6.7963540714383415,6.377353070551423,6.9772024405809825,7.033682857004235,7.066818407723008,7.088433347606238,7.122644866101035,5.97966824822266,5.649645791056811,6.637406108765943,7.0578414326823715,7.193578332817458,7.32291099056877,6.90607843365581,6.986705527240406,0.5571465350539275,0.9994776333055974,-0.2843045443100729,0.6014770647989702,0.9993750365598442,0.24607015036668087,0.2941769679643247,0.9999393556064758,-0.543904684552996,7.08956795101311,7.027855567723543,7.161786134405246,6.821549101191317,6.565935952344346,6.3909240348371386,6.474164391082062,6.87356687265003,6.838200068736377,6.972687427834189,6.898614890333963,7.1010449066030805,0.9438503092881356,0.6993637598552015,1.229957789224714,-0.1179625762788951,-1.1306276755677727,-1.8239740922862473,-1.4941999628964016,0.08811673512053547,-0.05199627611657757,0.48080360318626186,0.1873497105340011,0.9893186759370272,5
AT4G22070.3,WRKY31,4,11691195,11694564,-,3369,protein_coding,Probable WRKY transcription factor 31 [Source:UniProtKB/Swiss-Prot;Acc:Q93WT0],3.8492425556103957,4.229762946836835,3.3261960079104993,3.7513087738174837,3.9885078079113176,3.7894746484610407,4.27732875854242,4.669712387091422,3.6074746281957246,3.339209873721319,3.938695151468823,3.7939621146600633,4.848736064182034,4.018269456358056,4.856825360666165,3.9264963565303863,0.7032318488568027,0.9994776333055974,0.5163386534933506,0.11068076346854278,NA,2.0964497172782846,0.4252544120873311,0.9999393556064758,1.1466604590280998,4.236553985702607,3.972937540239175,4.41445538293199,4.614212015442146,4.275287693140779,4.144749804865241,4.017157571379278,3.8376049215366312,3.791225747166026,3.7731440103241183,4.098744219660765,3.289428226388449,0.5707222968377847,-0.19004878887920323,1.084128199427959,1.660606157496024,0.6825039598132446,0.3057844770207356,-0.06243413630411634,-0.5806053912272129,-0.7144511184107146,-0.7666332292220639,0.1730168913584455,-2.1625893179108866,2
AT5G15130.1,WRKY72,5,4904290,4907094,+,2804,protein_coding,Probable WRKY transcription factor 72 [Source:UniProtKB/Swiss-Prot;Acc:Q9LXG8],8.391627122921117,8.86217736653927,8.59522619009382,8.3573546930156,8.711686407549667,8.721937005374679,8.761044835773557,8.200858365146518,8.396413558822308,7.741975752342849,8.748097819175303,8.599910827513057,8.709685718903014,8.52667816769257,8.629798754804208,8.687206852297159,0.7358255315434173,0.9994776333055974,0.13502059368799152,0.32349990228862363,0.9993750365598442,0.3851797649674853,0.803687820340368,0.9999393556064758,0.10620361973640541,8.737572434710518,8.529170574276646,8.928828206180492,8.526090443523254,8.474629238933224,8.277146888702635,8.641368434355115,8.630246211561886,8.221994152709657,8.477773277884845,8.42801381125137,8.65999239222382,0.9956888021146347,-0.07851069458490094,1.9815094326320764,-0.09438711189794663,-0.35964194194157206,-1.3775572368583,0.49980892586445413,0.44247984971420407,-1.661839925707225,-0.3434361122411842,-0.5999193984385104,0.5958054113443157,3
AT5G15130.2,WRKY72,5,4904873,4907094,+,2221,protein_coding,Probable WRKY transcription factor 72 [Source:UniProtKB/Swiss-Prot;Acc:Q9LXG8],5.615898146439236,6.09079874596201,5.719927645858056,5.76482506108001,5.729452872521039,5.553995492027511,5.942473189076222,4.694967272358684,5.5363167483505675,5.258392545222851,5.505690173015047,5.0543619022948985,6.079981924940479,5.6985798971320225,5.711504047583092,5.260126130995147,0.9791173678761814,0.9994776333055974,0.023589905745345603,0.757457287297068,0.9993750365598442,-0.27210666875213635,0.3925118978609692,0.9999393556064758,-0.825982815788925,5.595564504042112,5.300711647457541,6.0807667782718315,5.154786109243267,5.303416828668432,5.470758933427171,5.410002669350568,5.142287968226923,5.9379244568041045,5.804223960932331,5.738514806496232,5.4179439805123,0.21634837707320625,-0.7527856351896716,1.8111303718287817,-1.2324194565450886,-0.7438941387626823,-0.1938675007849173,-0.39356358871402497,-1.2734988399680633,1.3416305890269282,0.90217851958909,0.6862030760451238,-0.36746177359869625,4
AT2G24570.1,WRKY17,2,10437353,10439469,-,2116,protein_coding,WRKY transcription factor 17 [Source:UniProtKB/TrEMBL;Acc:Q0WTF3],8.001394705383525,7.914298547014687,7.6163749100052875,7.908567964086832,7.813132163815842,8.058763504193838,7.949800008065315,8.000326963227494,7.3362354658400974,7.684394395185328,8.03316458858702,7.999496317592327,8.017900418644565,8.120565192653135,7.678074302935201,7.686898628073508,0.6051854928437981,0.9994776333055974,-0.1601084588022717,0.95739115318952706,0.9993750365598442,-0.016114181655064497,0.8408340145090458,0.9999393556064758,-0.06639231027591419,7.803618706165027,8.010809839599409,7.965630440666928,7.771715278142087,7.629091795170644,8.031298308020256,7.909287721714808,7.857694803222692,7.9920172131080705,7.917863293820703,7.827244649155631,7.888932721653674,-0.6959765515070978,1.1031890718435222,0.7108690912749197,-0.9730132664208369,-2.2114990229844484,1.281102805152808,0.2216112674266614,-0.22640117316719557,0.9400013572186967,0.29607813421649026,-0.4908182334683671,0.04485652041481686,4
AT2G30590.1,WRKY21,2,13033418,13035797,+,2379,protein_coding,Probable WRKY transcription factor 21 [Source:UniProtKB/Swiss-Prot;Acc:O04336],7.463880219428771,7.530663443415802,7.540746497158616,7.505415941472588,7.272421527173533,7.537664310272045,7.503016506103869,7.419703835114642,7.516719942143659,7.699194940860561,7.517425906046195,7.509630453516646,7.339898710088293,7.544614969306742,7.5581382489163715,7.533596923885091,0.7586165308435001,0.9994776333055974,-0.07389627723760427,0.35584511817438214,0.9993750365598442,-0.21616550426964337,0.5341517407488956,0.9999393556064758,-0.15930489852692692,7.360525679052557,7.507181264626136,7.463711679335833,7.398907131073743,7.397929153431131,7.525244795056121,7.49599528526816,7.463154290192884,7.4951289348041525,7.570537341451446,7.629613977232154,7.581713151249412,-1.6223569209621613,0.20395241250478943,-0.3373765046798084,-1.1443907815604146,-1.1565695859996643,0.42889845933022436,0.064652852753679907,-0.34431769952185265,0.05386414714603482,0.9929288022234048,1.7286130988300563,1.1321017199356787,10
AT5G22570.1,WRKY38,5,7495455,7496990,-,1535,protein_coding,Probable WRKY transcription factor 38 [Source:UniProtKB/Swiss-Prot;Acc:Q8GWF1],5.4419437872427965,5.680908414835948,6.109402344385785,5.4325927605073865,5.896717947916673,5.809734345565852,5.851824500213797,5.306697872005884,5.7284106377937425,5.81059611627768,5.473917926449786,5.592088701289418,6.486005039875584,5.7051113492775105,6.970413367271616,7.0121490007214975,0.5397038101367505,0.9994776333055974,-0.30664492658211306,0.809399952472636,0.9993750365598442,-0.11658396826462986,0.24751045524979148,0.9999393556064758,-0.6195735075290743,6.106016198048108,5.976458799415955,5.942473832028155,5.8578342513829025,5.5114359264243715,5.674446404027213,5.764960976145537,5.931218402934362,5.758037177800888,5.985495934565298,6.10916168206473,6.154712616433639,1.0804457624383477,0.40852745779593996,0.23227259383890345,-0.20669024528288032,-2.003201889499719,-1.157787232318823,-0.688355162168539,0.1738990164548964,-0.7242637779214045,0.45539638687664613,1.0967590591704737,1.3329980306161306,4
AT1G13960.2,WRKY4,1,4777046,4779350,+,2304,protein_coding,Probable WRKY transcription factor 4 [Source:UniProtKB/Swiss-Prot;Acc:Q9XI90],6.036562682486148,5.9279248669031785,5.719434735359212,5.42850983212956,5.507339529137177,5.506869228056814,5.941955213072244,5.326897004190919,5.949591820849168,6.402635221205167,5.171615802832329,5.844897714192746,5.508608914382961,6.356372364923636,6.037151439730323,5.881823964252261,0.08659705583247067,0.9994776333055974,-1.3950225914670247,0.02097464818510797,0.8588051924266877,-1.8340914632846872,0.06859251235890869,0.9999393556064758,-1.5882185981456665,5.206581440001831,5.461193131736975,5.811120080739394,5.271440607225306,5.510262602276789,5.742783598493543,5.168631832640162,5.845492683608526,6.376591231597477,6.542422849436678,6.648289407468962,6.356409244119592,-1.1643770426840312,-0.6876344798014516,-0.0324207724017439,-1.042932794001554,-0.5957553324417255,-0.16037604995497023,-1.235435024942011,0.03193951943364309,1.026384358890796,1.3368924504746862,1.535120166790127,0.9885950006382319,10
AT1G13960.1,WRKY4,1,4776283,4779420,+,3137,protein_coding,Probable WRKY transcription factor 4 [Source:UniProtKB/Swiss-Prot;Acc:Q9XI90],7.670938177925082,8.10436453684184,8.028227309893103,8.190641604452065,7.829515745293813,8.204148863537737,8.176947005104363,8.218354880798127,7.916131505317263,8.040971962537425,8.28064712820647,8.286026594676644,8.26970445124217,8.028235078709825,8.195324045709032,8.33540622668034,0.16374983058966786,0.9994776333055974,0.31506400230202836,0.05443763520479748,0.9993750365598442,0.4219074411379457,0.12745344927642044,0.9999393556064758,0.3657358045322541,8.253721007962985,8.19736224338183,8.190661319473222,8.186000914709034,8.040422047578526,8.195092882775496,8.24676211726288,8.185321261349827,7.909095961997331,7.925889881001066,7.856061793813582,8.047066884855921,1.0694230410718844,0.6700972786152876,0.6226183892383632,0.5895974438779332,-0.4418906049906183,0.6540178957340599,1.0201163475110278,0.5847818114223894,-1.3723916485263694,-1.2533996060172812,-1.7481612347409727,-0.3948091131957605,2
AT2G34830.2,WRKY35,2,14693696,14696803,-,3107,protein_coding,WRKY DNA-binding protein 35 [Source:TAIR;Acc:AT2G34830],3.959295756884868,3.8168096879612095,3.8992830690046,3.7702776903850714,3.767746353000202,4.030412128393935,3.8315087778749013,3.942547121574579,3.810471340954341,3.4550690692715618,3.84242759658443,4.030788016544013,4.020080283404145,3.6420609515338174,4.008535647011569,3.9713470601775787,0.15925981538399073,0.9994776333055974,1.3138258166665873,0.11116298730073994,NA,1.4499543112999127,0.1875651721702757,0.9999393556064758,1.2987370658787911,3.895352657097932,4.083392868659353,3.911838149147002,4.036065459301157,4.01939183711314,3.784865888308568,3.8871363345451755,4.086614100215292,3.500857715944899,3.584659068001818,3.6127023663097386,3.642444797416684,0.28028554520572035,1.1852072899924246,0.35962006682126724,0.957449612541267,0.877209736415804,-0.2514192362264071,0.24074544429628184,1.2007090938659541,-1.61817568015365,-1.2148913768169558,-1.079936250869928,-0.9368042450717742,2
AT1G18860.1,WRKY61,1,6508797,6511397,+,2600,protein_coding,WRKY DNA-binding protein 61 [Source:TAIR;Acc:AT1G18860],5.3256663343785196,5.625416465089574,5.223460897419688,5.622492870722717,5.237379347692715,5.374621014607783,5.442798495552656,5.433519344610699,4.787557961319011,4.58191548268759,5.45165456863092,5.48323298213478,6.0327704203445895,5.432109558337698,5.844719110144316,5.382754881268217,0.08539801514058781,0.9994776333055974,0.8776298987316167,0.13770848115500192,0.9993750365598442,0.7399578554637843,0.437620114679223,0.9999393556064758,0.42152815709877256,5.553973349781499,5.386818174651371,5.580278426876285,5.418398350608636,5.314087202221312,5.361338484353869,5.399735581648053,5.423247056267894,5.160586121719806,5.174776970683733,5.2912727956651935,4.989545009142285,1.2914312886066677,0.2926610724157874,1.4486069639420232,0.4813560329135981,-0.14191433933076247,0.14041717229662493,0.36984397368497285,0.510327572656673,-1.0590998661244813,-0.9743080116300001,-0.2782328813716092,-2.0810889780594835,2
AT4G12020.11,WRKY19,4,7201656,7206407,+,4751,protein_coding,Probable WRKY transcription factor 19 [Source:UniProtKB/Swiss-Prot;Acc:Q9SZ67],5.160056621594453,5.077763585061641,5.467709695113217,5.006292503249882,4.74445778659649,4.176725306158849,5.54901409135987,5.217488522098447,5.1146485559686115,4.825365262725953,4.836543533765018,3.985166260482357,5.428099385086352,4.854606123408266,5.2104297581691466,5.374204457321266,0.555259908430515,0.9994776333055974,0.9041441739782261,0.7895497726628629,0.9993750365598442,0.3989977045168521,0.8075002889658179,0.9999393556064758,-0.4007211702358509,4.849436177273212,4.45098373496904,5.51431901350807,5.307750648057913,5.064619777178746,4.531474778319171,5.1043452626320205,4.186858960886355,5.1505094651331875,5.012801625877158,4.718994117886506,4.7836978982854745,-0.10605319445375926,-1.1568834642252748,1.6474283656712163,1.1026499476071017,0.46144600076141457,-0.944606123650612,0.5662131904271811,-1.8534541917069027,0.687961073531022,0.32478707706044946,-0.4500653020524002,-0.27942337896944347,5
AT4G12020.5,WRKY19,4,7201550,7209678,+,8128,protein_coding,Probable WRKY transcription factor 19 [Source:UniProtKB/Swiss-Prot;Acc:Q9SZ67],6.711114778707653,6.557277505051726,6.963845247175985,6.309794673017075,6.352106233486188,6.498591062914264,5.888774782738059,6.883033115614285,6.801309241594154,6.026142409702486,6.561109578115597,6.995431062727126,7.142987762169751,7.342068302245167,7.262951901643021,7.03568353155174,0.20134826755147703,0.9994776333055974,-1.0316134100750678,0.07418020882037449,0.9993750365598442,-1.4063979841216907,0.2504423267968478,0.9999393556064758,-0.9910702476303468,6.276248985979213,6.3903454719583985,5.925146147166736,6.8515789192034475,6.889983589614357,6.2542548122938175,6.449997299867525,6.924326608274816,7.174151673820006,7.253274619624176,7.43447441286434,7.265894607776989,-0.9903141182741625,-0.7555142430655839,-1.7128508557648,0.19366096531827784,0.27269417780085353,-1.0355760664606184,-0.6327563717006265,0.3433688916323789,0.8574854633266775,1.0203130705182204,1.393205263257374,1.0462838234120015,10
AT4G12020.6,WRKY19,4,7201570,7209688,+,8118,protein_coding,Probable WRKY transcription factor 19 [Source:UniProtKB/Swiss-Prot;Acc:Q9SZ67],4.8883845913877515,4.936456524175455,3.8904735773788888,5.574447784855413,4.715055046496252,5.345793004987847,3.906626167423584,4.526235173102844,5.00909946754774,5.076310754219333,3.822720800858151,5.075346416416939,5.365816057869129,5.36867251961968,5.4301672248512425,5.458101931448721,0.7332949149485624,0.9994776333055974,-1.0295338462982306,0.5875453112870739,0.9993750365598442,-1.5979692321878238,0.6398670504552929,0.9999393556064758,-1.5109841338206855,4.811236780859225,5.316763709810029,3.8705156107200414,4.409327393665047,5.015749968699501,5.029689580340934,3.7680034392110984,4.980928564590168,5.488095749550478,5.3171088945457665,5.527190899551044,5.546581958717957,-0.1832143965503908,0.6423040501101004,-1.7193989885872532,-0.8395268381119289,0.15075279585592938,0.17351598786465083,-1.8867999394396497,0.09388992706566764,0.9220868889852832,0.6428677319844727,0.9859287253982494,1.0175940554248708,10
AT5G56270.1,WRKY2,5,22779614,22783426,+,3812,protein_coding,Probable WRKY transcription factor 2 [Source:UniProtKB/Swiss-Prot;Acc:Q9FG77],6.045409305906696,5.8343440424098,6.258675052769342,6.272325649589277,6.202183194829471,6.19969334893957,6.347676448626363,6.465497590150078,6.610449364106931,6.4287229432664965,6.057384174589427,6.342798929253989,6.199936205575629,6.260538384502016,6.517633852263176,6.368657233591653,0.5345229282043767,0.9994776333055974,-0.2673873364531837,0.9955094325980811,0.9993750365598442,0.0023414546935227177,0.8334078375943941,0.9999393556064758,-0.0963463550312138,6.342907657690089,6.297082997437191,6.269874139195464,6.398592341472328,6.49611749359389,6.100170032673488,6.138019334152848,6.346298757172658,6.315227736926055,6.327262932029438,6.441814467542449,6.2116624521312005,0.30930581064454976,-0.08637043474179916,-0.321307231019633,0.7901191212699926,1.6322068925536177,-1.7866292503141123,-1.4598168000482745,0.33858649714804545,0.07030159195398364,0.17422032882442934,1.1633236025832936,-0.8239401288540702,5
AT3G56400.1,WRKY70,3,20908711,20910623,-,1912,protein_coding,Probable WRKY transcription factor 70 [Source:UniProtKB/Swiss-Prot;Acc:Q9LY00],7.248674181866638,7.442571447813924,7.051272059287808,7.828594503652029,7.390818742456421,7.343873570967381,7.75372653105482,7.80272673927617,6.901802947992316,7.06804570331295,7.5223201573089655,7.6211414669165745,9.19066865709012,7.955181504572078,9.40806376020098,9.08694158965406,0.9081258473708884,0.9994776333055974,0.03832407811936566,0.6120099283135023,0.9993750365598442,0.16314108114112402,0.914768093617654,0.9999393556064758,-0.03790949156946353,8.052484090322588,7.774331199773349,7.868131554670566,7.75981709307804,7.667070712798893,7.765595489223239,7.8060312418956785,7.752128381967328,7.608290903324358,7.746023469068714,7.966678781979933,7.717948659848677,2.1406442277913995,-0.13105247996328878,0.6350224545285709,-0.2495903399532658,-1.0070573801852534,-0.20239772055164731,0.12784427707843937,-0.31238465311892544,-1.4871167439476838,-0.362243960730384,1.439865472319938,-0.5915331532678558,3
AT2G04880.1,WRKY1,2,1717888,1720526,+,2638,protein_coding,WRKY transcription factor 1 [Source:UniProtKB/Swiss-Prot;Acc:Q9SI37],5.511154132591269,5.044642637100176,5.190932816923073,4.845432272847663,5.31024394346656,5.229812321425191,4.809538917480838,4.9286631214918835,4.790787691679127,5.209758019508466,4.646977628291098,4.583691730852243,4.492335512106784,5.375999794763347,5.003137490417759,4.720378282948161,0.0406648199250085,0.9994776333055974,-1.370665883176997,0.028647186889800225,0.9898674357527603,-1.4303247980286002,0.002789587430106535,0.27589886779432277,-2.191531964477854,4.76941988057887,5.123432328655853,4.7210867969910435,4.875012823319561,4.43307113966937,4.751956801420354,4.5865200427377,4.591329360778407,5.4209805450837,5.5199932616259035,5.81180715999603,5.4302458224442365,-0.5251537969253498,0.27109073282174634,-0.6338645318773801,-0.28765423019008673,-1.2816691299067318,-0.5644317413254447,-0.9365319734944235,-0.9257148590044422,0.9403359555636259,1.1630352825234094,1.8193828814385204,0.9611754103765607,9
AT2G04880.2,WRKY1,2,1717833,1720526,+,2693,protein_coding,WRKY transcription factor 1 [Source:UniProtKB/Swiss-Prot;Acc:Q9SI37],7.336348170056869,7.589901201130493,7.139448993078275,7.589781473430465,7.398128205725288,7.468740790436393,7.296049117124413,7.650360357686351,7.273994740990507,7.220014849686303,7.455568735721761,7.2938526586751475,7.8744859877202975,7.3900210829842665,7.790578905042838,7.724120221982796,0.3041436390969469,0.9994776333055974,0.3268445931482978,0.2389770835157918,0.9993750365598442,0.36440856908883695,0.453149453144282,0.9999393556064758,0.25426383341058534,7.606746761702292,7.5560199731537425,7.357306869069635,7.653693417579266,7.552516491470229,7.557581714403947,7.501894882158433,7.312112020280329,7.327979576242013,7.289606196036746,7.354057200443496,7.3444914932891,1.1818613576257957,0.7965148711431144,-0.7130109369728844,1.538492033683465,0.7699006423336883,0.8083786520127738,0.3853531508296643,-1.0563339953882038,-0.9357959697442152,-1.2272996832586545,-0.7376970727040557,-0.8103630495604612,2
AT1G30650.1,WRKY14,1,10868218,10871297,+,3079,protein_coding,Probable WRKY transcription factor 14 [Source:UniProtKB/Swiss-Prot;Acc:Q9SA80],5.959760899362023,6.2987101727271835,5.5207467161105885,5.92202894577031,6.224720262178468,6.084308124346252,6.087109523917187,6.047486917648397,5.531854170481059,5.652427408565584,6.077749390526567,6.0297501605960475,6.768120469791981,6.118623132047012,6.558746226029519,6.178183989210156,0.9383472153592922,0.9994776333055974,0.034156023276962814,0.2990277216400559,0.9993750365598442,0.4449234813039408,0.5294266420742417,0.9999393556064758,0.29470980335629204,6.279106893042064,6.139413967437406,6.236020417621126,6.129292967947674,5.982228188291023,6.35209850986739,6.098557156679503,6.094823773444008,5.984145604100191,5.959628711847119,6.077602432975544,5.827919022924865,1.239899794079178,0.29015571117744315,0.9469635204132028,0.2213450728661821,-0.7785187618811868,1.7361551046557109,0.01237847875429537,-0.013004042384607202,-0.7654826377443539,-0.932168053256317,-0.1300884698082872,-1.82763571687126,2
AT2G30250.1,WRKY25,2,12903208,12905338,-,2130,protein_coding,Probable WRKY transcription factor 25 [Source:UniProtKB/Swiss-Prot;Acc:O22921],7.7899742320482686,8.071738491165403,7.772741876644689,7.799883596673271,7.830343301560932,8.129930350571518,8.23202161042561,7.863884672277051,7.855191336186854,7.779055271639029,7.836845928949784,8.111407426680525,8.41984618344251,8.030382066755632,8.023070142475357,8.28975062921891,0.8970921923096592,0.9994776333055974,-0.04419980363661928,0.4755838201423343,0.9993750365598442,0.23709666205439134,0.9111196340099775,0.9999393556064758,0.04067249669194561,8.012455627040543,8.100540757337523,8.299733082850429,7.9833137635165015,7.947129246138336,8.023203663599572,7.824889322421776,8.11655229237645,8.033419074454876,7.988303923663886,7.7328560894257485,8.073403482090857,0.007973513145806728,0.624645223344481,2.0191629088874423,-0.19604460838228643,-0.4493673671620635,0.08321901785003957,-1.3051520218330113,0.7367397467001446,0.15473568429854756,-0.16110919326877338,-1.949463848306172,0.4346609447259193,3
AT4G26640.2,WRKY20,4,13437005,13440996,-,3991,protein_coding,Probable WRKY transcription factor 20 [Source:UniProtKB/Swiss-Prot;Acc:Q93WV0],6.8811933983124645,6.970929300852934,7.279232674476368,7.16511153951822,7.00666917856722,7.266534435398986,7.091184824405182,7.17752559594182,6.920752980471497,7.084157637865609,7.154172264891841,7.131278102942282,7.303827255795453,7.071608094973474,7.083584255106644,7.3937621350214915,0.6860465543641465,0.9994776333055974,0.14336509286886526,0.5472194128740479,0.9993750365598442,0.20746141366553505,0.9680555381866136,0.9999393556064758,-0.015149626525730955,7.23304424384102,7.274674109298337,7.088904292148185,7.192869749508761,6.923058563652738,7.077476585564612,7.1604277727544385,7.1012210065728745,7.142903422105277,7.058047782593362,6.8898705213558875,7.211137718786283,1.0277406783779128,1.3835645032593509,-0.2042697633122303,0.6843563777334923,-1.6218064477390248,-0.3019460402235493,0.407064387268778,-0.09899485097654602,0.2572781362672855,-0.46801025662574125,-1.9054752999119957,0.8404985758822983,3
AT2G38470.1,WRKY33,2,16108235,16110766,+,2531,protein_coding,WRKY33 [Source:UniProtKB/TrEMBL;Acc:A0A384L4W4],10.852462071677998,11.356405699405036,11.770447860901402,11.242166911547052,11.282312684129668,11.8147830524671,11.742866076312957,10.833722309813773,11.769131781975807,11.925205224979047,11.581188119102201,11.618480728243618,11.06676763121634,11.097083342056708,11.50921296417247,11.516376417727292,0.695893617496135,0.9994776333055974,0.13207236570336456,0.24217755395629412,0.9993750365598442,0.3852175988698453,0.4387718961194304,0.9999393556064758,0.27949070366788986,11.575825410613838,11.635265634860582,11.74529749035497,11.251081104591117,11.21049221468828,11.503992557398666,11.566726128357674,11.65259292056649,11.134428814281584,11.33235163919739,11.3842002785444,11.406929763384829,0.6509131492659302,0.9582399764883855,1.5271432986245237,-1.0281289218781315,-1.2379877323452502,0.2795120795574096,0.6038666654878732,1.0478281267327139,-1.6312622162654795,-0.6079317260610846,-0.3398560579718797,-0.22233664163501077,2
AT3G04670.1,WRKY39,3,1266056,1268378,-,2322,protein_coding,Probable WRKY transcription factor 39 [Source:UniProtKB/Swiss-Prot;Acc:Q9SR07],8.76184960201585,8.731838070726823,8.59515039189361,8.88575099831299,8.693021532109146,8.865304867132423,8.878177726807483,8.820164951431776,8.572886581583603,8.740095950987794,8.847752206216237,8.825402631665419,9.061069835243174,8.89935663624224,9.010216501697078,9.123332521574547,0.9057082843785617,0.9994776333055974,-0.02305878198729092,0.8269383336526438,0.9993750365598442,0.04136572368314342,0.998383439101183,0.9999393556064758,-4.204192372257996e-4,8.844016549404603,8.938844418453522,8.887655644717034,8.748485593919025,8.748735683589935,8.883124933351915,8.876408170793015,8.80892933246348,8.802399096541523,8.825564613698704,8.782692054621988,8.90856019503074,0.09761269802535394,1.6237645258973339,0.7999366640251467,-1.4398545444101167,-1.435829622072207,0.7270197726008618,0.6189207553028996,-0.4670780496072076,-0.5721751227428391,-0.19935121867731143,-0.8893386143312949,1.1363727559892662,3
AT2G47260.1,WRKY23,2,19404802,19407098,-,2296,protein_coding,WRKY transcription factor 23 [Source:UniProtKB/Swiss-Prot;Acc:O22900],7.663528460753134,7.375813108512138,7.646982797819904,7.778187193306463,7.817626974934884,7.791180293849209,7.762144944958897,7.81321068889554,7.5761345643680436,7.876709353099204,7.72430351354366,7.771743234652133,7.6325027996796875,7.857063269146138,7.718242144402176,7.874948601430154,0.13160586966667498,0.9994776333055974,-0.3848892086318441,0.49306801275386997,0.9993750365598442,-0.1695872243055953,0.3252366166967533,0.9999393556064758,-0.268035331256604,7.806892600883188,7.856673300342187,7.694567420478264,7.6466921054662,7.579070277465838,7.702425211429239,7.744960332337232,7.734245699558219,7.841643102838437,7.847899514840625,7.834548834470057,7.927843328014278,0.38263863421113237,0.8739368189981063,-0.7259266900720374,-1.1984201587687577,-1.865796907380294,-0.6483761841007555,-0.22858642785188915,-0.33433182099012493,0.7256000372567355,0.7873461335020531,0.6555849267891307,1.576331638406692,9
AT2G03340.1,WRKY3,2,1014350,1017222,-,2872,protein_coding,Putative WRKY DNA-binding protein [Source:UniProtKB/TrEMBL;Acc:Q0WPM8],6.7579924502425515,7.250239129651307,7.238365004661991,7.376901464825769,6.742447902934788,7.3482199267889,7.210804847024032,7.43045818113177,6.830604260952779,6.972207176106556,7.332634440404551,7.512175959524068,7.141030706615458,7.439952815031549,7.33653324506273,7.252684040607866,0.9791610265716223,0.9994776333055974,-0.008514728460323017,0.8313825573576084,0.9993750365598442,-0.0673552426502999,0.4772675238966532,0.9999393556064758,-0.2467385765552718,7.221912819775073,7.221305475593205,7.171997689304385,7.215307087675354,6.924405590020719,7.069289271535216,7.152544628116113,7.233608647507889,7.1227592680390694,7.249372107519772,7.336583547893268,7.303884202976011,0.332683121570178,0.3271723742533205,-0.12022262697217423,0.2727459038752272,-2.3667535686290697,-1.052149126867089,-0.2967302942032273,0.43880540481782226,-0.5669882435282035,0.58183541573789,1.3731498390671024,1.0764518008782316,4
AT5G49520.1,WRKY48,5,20090648,20093346,+,2698,protein_coding,Probable WRKY transcription factor 48 [Source:UniProtKB/Swiss-Prot;Acc:Q9FGZ4],9.431539831484411,9.693500797115307,10.494404817316964,9.565880088367157,9.89803058473074,10.058601626658634,10.14371458353076,9.38948233644301,10.870830741095476,11.028173720713998,9.73256507647209,9.774212689631796,9.598973896182073,9.480092967673459,10.252391771421632,10.340037334698753,0.5439217085495947,0.9994776333055974,-0.09724553859168676,0.6204128078784081,0.9993750365598442,0.07705837172739087,0.9133073962556708,0.9999393556064758,-0.018554064214454394,10.026699632201042,10.052345353987157,10.070123715366153,9.968079276388405,9.949915800887851,9.991138352610882,9.948698046656476,10.031032904044784,9.915159669632697,10.005132427061982,10.069211508006898,10.02609309042627,0.44041223191238804,0.9484843693646863,1.3006947747320452,-0.7209264788610759,-1.0807664513170478,-0.2640988550672006,-1.1048916056170968,0.5262594818425306,-1.7693265957205433,0.013140342071969598,1.282622866026119,0.4283959206331556,5
AT2G23320.2,WRKY15,2,9924933,9926372,+,1439,protein_coding,Probable WRKY transcription factor 15 [Source:UniProtKB/Swiss-Prot;Acc:O22176],4.246459906860485,4.485060508272296,4.688937754395735,4.641501544962378,4.5293816381547325,5.270917115557002,5.126800067388926,4.333266255301649,4.766913727578391,5.277276954642418,5.047216176480553,4.422099262842027,4.7782473316748275,4.875423368275358,4.609468724261671,4.9654546356157905,0.22308849186324817,0.9994776333055974,-1.1437602184640354,0.7528030699954684,0.9993750365598442,-0.28467504157983825,0.4134854244798079,0.9999393556064758,-0.8154230415302433,4.735568329451654,5.07843644876524,5.085438248438218,4.519795829247563,4.3132103254319984,4.878534704526023,4.960079174674804,4.350831789125369,5.100277759759054,5.012850946379327,4.765308896845425,5.116685694438847,-0.31065575444690235,0.8617617553257774,0.8857040003876825,-1.0484772173264385,-1.7548842825953435,0.1782094155825593,0.4570459688875564,-1.6262398846685604,0.9364468426905723,0.6374959602485876,-0.208959621155663,0.9925528170701905,4
AT2G23320.1,WRKY15,2,9924886,9926372,+,1486,protein_coding,Probable WRKY transcription factor 15 [Source:UniProtKB/Swiss-Prot;Acc:O22176],8.224435298357628,8.411371626117683,8.832978241203998,8.303871954427981,8.427852964559733,8.734484706125048,8.802764896974171,8.207766279246947,8.714373647736938,8.680211501591321,8.620205126593406,8.64222252571747,8.648355903272718,8.428911262265562,8.85512417974866,8.89828940056628,0.9687803106567047,0.9994776333055974,-0.011707728987198,0.5095459609246731,0.9993750365598442,0.19190745346231253,0.8300499349764595,0.9999393556064758,0.06842898091442848,8.635856975167897,8.689437257873573,8.835032675472686,8.522690277863767,8.449185344851905,8.516828929882333,8.674205913558652,8.728764547276638,8.447935720792717,8.579850688892185,8.561116675298225,8.625115763062912,0.2620869544342235,0.7246987178919932,1.9817684735123926,-0.7149934706940602,-1.3496345171075803,-0.7656003056901599,0.5931914040529817,1.0642502428942824,-1.3604237619657256,-0.22147090585275467,-0.383220240266505,0.1693474087909735,3
AT1G68150.1,WRKY9,1,25543949,25545791,+,1842,protein_coding,WRKY9 [Source:UniProtKB/TrEMBL;Acc:A0A178WJS2],5.752950570577214,6.061309803100988,5.238144066188098,5.561680849983611,5.358869037696803,5.649958516570326,5.7021601662288015,5.451983374326043,5.330448310325788,5.060490684756977,5.789343420840813,5.463970891897084,6.096821332842039,5.7860962850508955,5.387563856008698,5.6691875666172145,0.8414427540471717,0.9994776333055974,0.11739582618987636,0.9492624977884444,0.9993750365598442,0.036505806704819205,0.9273752607056056,0.9999393556064758,0.05697591789488088,5.377054603481329,5.529154152096417,5.82699163371526,5.497885056352945,5.6322318273373755,5.680733531269333,5.661110692543012,5.404763526778789,5.682495080493535,5.6075067960439,5.285418183845095,5.714901089236087,-1.2461173602283795,-0.28871066782735383,1.5860588548052774,-0.48553729750979996,0.3601226588419868,0.665421763015018,0.5419037296510352,-1.0717006124749102,0.6765100208803523,0.2044883348368335,-1.8229324936474967,0.8804930696574482,7
AT5G24110.1,WRKY30,5,8153115,8154710,-,1595,protein_coding,Probable WRKY transcription factor 30 [Source:UniProtKB/Swiss-Prot;Acc:Q9FL62],3.590834572119945,3.8032200918559838,4.320820754728221,3.9264548989432257,4.161193161511045,4.362186680674751,4.5565581765080125,3.651944331006919,4.283208614313518,4.820611957833719,4.030914797306664,3.6325374429128248,3.2853577648845915,3.7651023041585114,3.4956152050978764,3.674221970700863,0.5517203162167438,0.9994776333055974,-0.6600478411871409,0.8183566473996318,NA,0.24588145754677004,0.380595340663877,0.9999393556064758,-1.0484031602218424,4.155367241507313,4.1798313639679625,4.437073012464842,3.863527170200714,3.517848878150834,3.9557681857317406,3.994053896992876,3.6205540833163474,4.104750572496036,4.068597440642929,3.9567276858144806,4.031482679191332,0.6721780852536103,0.7718993820171003,1.8204745275572078,-0.5174280575808544,-1.9264909659949834,-0.14143281400198723,0.014628405059274437,-1.5078413185392332,0.46585309322612656,0.3184847502065788,-0.13752167463251191,0.16719658742967725,5
AT5G28650.1,WRKY74,5,10677599,10679204,-,1605,protein_coding,Probable WRKY transcription factor 74 [Source:UniProtKB/Swiss-Prot;Acc:Q93WU6],4.94543908196769,4.702696892263485,4.823186269098283,4.816260031390229,4.818926237192589,4.840301486613009,4.79628291565475,4.646767642114952,4.4542322570815,4.776591916709732,4.773559729302181,5.132385324868193,4.658373423241771,4.648263622455262,4.860183193531804,4.831352265913534,0.38026610681835016,0.9994776333055974,0.6341338405611247,0.48293778632064027,0.9993750365598442,0.49481536186043507,0.35400141118540857,0.9999393556064758,0.7121612739105906,4.833603246488614,4.936047705156132,4.808093633419813,4.5876787318617485,4.6224975478479164,4.902106487402093,4.828153096086577,5.162256598770008,4.45799408149088,4.602718255379483,4.694161020572343,4.663695481712983,0.39343957013456854,0.9283331285773894,0.2602461511214952,-0.8906068336246553,-0.7088072455761482,0.7511157468031129,0.36498268353950947,2.1094383013738542,-1.5677296864811263,-0.8120809244996529,-0.3346305411011357,-0.49370035026718345,8
AT4G24240.1,WRKY7,4,12571538,12573773,+,2235,protein_coding,Probable WRKY transcription factor 7 [Source:UniProtKB/Swiss-Prot;Acc:Q9STX0],7.087653168978055,7.4993477144326715,7.478713216152455,7.62416325630453,7.084792724086856,7.939573862135589,7.844989138438146,7.482302959365975,7.246678821363349,7.1707633774816255,7.8642741993956875,7.867228666920589,7.112618084030856,7.534308387538873,7.214827609404849,7.28491225326444,0.5974679627483402,0.9994776333055974,0.22883633525866132,0.25538947082022523,0.9993750365598442,0.47932104506758305,0.6494458308197217,0.9999393556064758,0.20993778586330245,7.524972489914369,7.694243812787204,7.841934105709614,7.373603352657226,7.262812920175804,7.339819256975978,7.6113479248538924,7.571994133754389,7.13115638083268,7.352229921232099,7.316396329983379,7.484457954265624,0.3303162959193622,1.174604483243639,1.9112512322651982,-0.4246797207873854,-0.9772780689605336,-0.5931873712211181,0.7611379977691308,0.5648499296673714,-1.633951976063508,-0.5312857032335494,-0.7100157874984939,0.12823868889988657,3
AT2G46400.1,WRKY46,2,19043411,19044955,-,1544,protein_coding,Probable WRKY transcription factor 46 [Source:UniProtKB/Swiss-Prot;Acc:Q9SKD9],10.293162758079806,10.12046761695582,10.870222297402837,9.974395930304583,10.503932591304457,10.28308286996478,10.556109119126194,9.716671836288748,10.598299775734818,10.917654637705514,10.250711858830345,10.268646838791053,9.88199683869134,9.752486494207147,10.570653778392417,10.96287576691352,0.2586674326026681,0.9994776333055974,0.47333592443492095,0.2781500385496863,0.9993750365598442,0.44309330642614925,0.3013846491786824,0.9999393556064758,0.46270960941872286,10.451549591937589,10.457898900063489,10.539979952043911,10.159179706935042,10.122564790389989,10.31067188270683,10.55560102553342,10.609403349598846,9.805686101805476,10.148146419361355,10.174714593181513,10.455371954356563,0.570376970841325,0.5970739073250333,0.942200114430734,-0.6589507125675854,-0.8129054556634722,-0.021971546623443017,1.0078820436248137,1.234104680764031,-2.1452853078355236,-0.7053423778830017,-0.5936311748825456,0.5864488584696493,2
AT4G04450.1,WRKY42,4,2218042,2221250,+,3208,protein_coding,WRKY transcription factor 42 [Source:UniProtKB/Swiss-Prot;Acc:Q9XEC3],3.9603139020087847,4.239401664759979,4.193311884542127,4.376413277635246,4.014963362206238,4.281093768575206,4.16883602259535,4.4196527955802125,3.6036393825404485,3.7543731106345124,4.379362381831056,3.946208670964181,4.450230039169478,4.565509380666127,4.2115516790577665,4.092265949131371,0.7532753831257387,0.9994776333055974,-0.2593059484223366,0.7584792861603927,NA,-0.24672915921673352,0.2311821757650296,0.9999393556064758,-1.0616047274434468,4.212301908004128,4.14512730506832,4.168790294288334,4.234882882703002,3.759625762585529,3.994016829393221,4.197017507354017,3.7300724572739195,4.472583829337035,4.375152182120692,4.354337182304153,4.3021927685733035,0.21743378262287177,-0.07394764636133441,0.028694651644568244,0.3153826559776085,-1.7461270923878727,-0.7294154037036392,0.15113505798653462,-1.874319652619786,1.3464515194186,0.9238249410179429,0.8335362883757406,0.6073508980287659,4
AT4G11070.1,WRKY41,4,6759098,6760794,+,1696,protein_coding,Probable WRKY transcription factor 41 [Source:UniProtKB/Swiss-Prot;Acc:Q8H0Y8],4.4081543561188585,4.706539622147833,4.7117797726039985,4.502962628454783,5.064151813248098,5.120191440091369,5.2098729707046925,4.468645969844072,4.683668967439503,4.615245612332149,4.611631029835072,4.5971214168370205,5.183183178992156,4.766564423836967,5.425315696531006,5.328738621145454,0.3285504844905991,0.9994776333055974,-0.6251034711808785,0.4295570453229525,0.9993750365598442,0.48115309853798605,0.343517318341449,0.9999393556064758,-0.6464954728444338,5.191318926501292,5.106366613124645,5.301263343817296,4.868116862919568,4.53121173987416,4.6590603242817235,4.702590422030122,4.760576318183579,4.737935956484196,4.908700742952694,4.983871655542694,4.944150986269901,1.3108461383340828,0.9397164715754596,1.7911583669081501,-0.10112099222505155,-1.5729524359522495,-1.0144225897269645,-0.8242534227060883,-0.5709314652366081,-0.6698400123827376,0.07617708564702462,0.4045749200388711,0.23104793572612295,5
AT5G13080.1,WRKY75,5,4149738,4151201,-,1463,protein_coding,WRKY75 [Source:UniProtKB/TrEMBL;Acc:A0A178UJF4],6.44279615802459,7.038684014791366,6.690449384105273,7.193417885844848,6.580126224969115,7.295478578997319,7.307813018253291,7.008801419641961,7.041933818604268,6.727651154424914,7.177599630746581,7.393505447989636,7.599175618721762,7.182483314215442,7.614593443495538,7.7462416869064885,0.9084292271596073,0.9994776333055974,0.041003383034604934,0.3247783199732802,0.9993750365598442,0.339027520941235,0.5740485675069464,0.9999393556064758,0.21225108575049043,7.246019970584819,7.26370142385541,7.37154788708518,7.071256144426572,7.235461935551466,7.065935425210303,7.131312564300175,7.277431032802994,6.881567547330005,7.039139560595385,6.978783719828673,7.223933865360778,0.6757356442148367,0.7986838364738231,1.548595480766099,-0.5394866663946305,0.6023202240402473,-0.5764843497381149,-0.12188364790928599,0.8941528329808023,-1.8584885464017113,-0.7628097079540305,-1.1824947531239993,0.5221596530459331,2
AT4G23550.1,WRKY29,4,12291632,12293367,+,1735,protein_coding,WRKY29 [Source:UniProtKB/TrEMBL;Acc:A0A178V2E9],6.803874811498292,6.989754749017399,6.581135805444081,6.991356873865322,6.4604910330967265,6.908931430827158,6.714622992991358,6.8071540038976535,6.296655903875796,5.660095702546444,7.0018383371341955,6.849657953406254,7.4926324389783705,7.149478618851656,7.037223985517385,6.845711560995217,0.7122791193188219,0.9994776333055974,0.13330295882803955,0.9825148037892546,0.9993750365598442,-0.007739391629507739,0.7176447391595014,0.9999393556064758,-0.13926817646771958,6.7086125443321105,6.768248048769594,6.864002091704586,6.754220320468751,6.809987324331064,6.548532652315552,6.807817482636228,6.685309531286188,6.817651468438075,6.825805164604925,6.775948598138387,6.790237558066212,-0.648938581801439,0.06221230760089304,1.2040752538340957,-0.10506776408688158,0.5599514181950642,-2.5578845806123494,0.5340761469837266,-0.9268260350841497,0.6513460152496103,0.7485785000867377,0.1540410358754135,0.324436283759321,4
AT4G01720.1,WRKY47,4,744804,748554,+,3750,protein_coding,Probable WRKY transcription factor 47 [Source:UniProtKB/Swiss-Prot;Acc:Q9ZSI7],5.321587944268784,5.774544631475739,5.473041703279539,5.649233087035938,5.289110074652129,5.698297568583636,5.521319598571164,5.57124810931067,5.479626990166019,5.062213981512323,5.812396458880787,5.886110697218762,5.922119529707626,5.596831899122321,5.723131478672045,5.510498605170927,0.29877755087376656,0.9994776333055974,0.42628870525883444,0.30964896802696307,0.9993750365598442,0.40582271815305165,0.18854369614764974,0.9999393556064758,0.5659812539667322,5.610662810943014,5.567131693654434,5.6288207203616025,5.627167067600909,5.735506308885183,5.611082077063862,5.676194475569796,5.767748533904547,5.384870580076208,5.409535669230871,5.430380307620649,5.372225193642486,0.30817280703183697,-0.009577467866600273,0.4407143329267219,0.4286436889362721,1.219453248731277,0.3112331908090757,0.7865134917349857,1.4548015811741022,-1.339971047219329,-1.1599311275606448,-1.00777813928326,-1.4322745594144115,8
AT4G23810.1,WRKY53,4,12392370,12393982,-,1612,protein_coding,Probable WRKY transcription factor 53 [Source:UniProtKB/Swiss-Prot;Acc:Q9SUP6],8.537666408886903,8.463731278875882,8.712395025521957,8.024486123541841,8.643926942456728,8.707871903418209,8.96950657215748,7.848515716943217,8.41683519077497,8.536978326220687,8.450191651114672,8.557888266498301,7.760599771655668,8.150969484131494,7.973008199456529,8.37476539917772,0.7769716472765228,0.9994776333055974,0.16476996817074063,0.39637111425084015,0.9993750365598442,0.48090613357483486,0.7411221706934773,0.9999393556064758,0.20532567074110494,8.423580362685815,8.591004750462643,8.987615601174099,8.125480410699105,8.061103229694474,8.30191178785774,8.448835400490706,8.660557413987602,8.024278354619154,8.337820293391164,8.179510075525531,8.576384832205461,0.10771013067551422,0.7007778277766955,2.1056931271554293,-0.9482498425297741,-1.1762932416501872,-0.32327667143274935,0.1971710945771132,0.9471543475402634,-1.3067380600363254,-0.19607791045271794,-0.7568604677842602,0.6489896661610047,3
AT4G30935.1,WRKY32,4,15051764,15054107,-,2343,protein_coding,Probable WRKY transcription factor 32 [Source:UniProtKB/Swiss-Prot;Acc:P59583],6.932202339423177,7.041399917684681,6.974994030355524,7.255155730853303,7.123954293379037,7.160781632773427,7.241426369879334,7.445828058324848,6.851729557630538,7.017327619119127,7.079982510806522,7.238768629145658,7.061996415462095,7.2195292794494215,7.295781647892259,7.145234249460896,0.9611452956731237,0.9994776333055974,-0.0129389217123995,0.42142124311591883,0.9993750365598442,0.20647317346976418,0.7682328129687446,0.9999393556064758,-0.08352298915959058,7.317828560674989,7.205533098304967,7.200789149833341,7.236598583764451,7.005361817019246,7.05736308893228,7.053402515520605,7.128006788341647,7.025061060294933,7.106868819521789,7.245358012245923,7.083399236516513,1.789182405545124,0.6669350530560094,0.6195254471799987,0.9773942477100053,-1.3335170197716821,-0.8138318205765968,-0.853412609789121,-0.10783976213556372,-1.1366486588816138,-0.3190863169332797,1.0649333629616826,-0.5536343283649985,5
AT4G31550.1,WRKY11,4,15289947,15291539,-,1592,protein_coding,Probable WRKY transcription factor 11 [Source:UniProtKB/Swiss-Prot;Acc:Q9SV15],7.374768385288654,7.38644343462491,7.464849174516259,7.597362605263121,7.484937260734016,7.636537289660251,7.661384652180971,7.287775182118709,7.376059846835419,7.594893828207211,7.525098181773533,7.5232654998787405,7.195248077353177,7.371908350561528,7.171312967184006,7.179910906506895,0.6756497846114209,0.9994776333055974,0.13370589237305153,0.44826871368574023,0.9993750365598442,0.2358875247153852,0.7514480110050336,0.9999393556064758,0.10797962602040553,7.523378606825906,7.5584616435348835,7.635928782651699,7.263588776762885,7.275014935829771,7.496262381508476,7.45963224350851,7.45376500462126,7.386786359062108,7.371979531130036,7.331152229004654,7.337595443690759,0.8517660679575288,1.1538648760420296,1.8209317148404396,-1.3852751170899158,-1.2868848590366015,0.6182691954918064,0.3028483520353218,0.2523257621783294,-0.3244250236325306,-0.45192610362446634,-0.803488581288423,-0.7480062838735336,2
AT4G31550.2,WRKY11,4,15289788,15291934,-,2146,protein_coding,Probable WRKY transcription factor 11 [Source:UniProtKB/Swiss-Prot;Acc:Q9SV15],7.578209395215474,8.002188442464854,8.226594831643279,7.758185990943367,7.721986152589287,8.04696575924244,8.206128891352787,7.848464082421905,7.96663374962607,8.140129181592467,8.016492188196333,7.836651696146986,7.4458265162652335,7.8258248324878945,7.7098961091452995,7.728248859723462,0.9651469694715542,0.9994776333055974,0.014359173666016255,0.6943063306147577,0.9993750365598442,0.12566546806472587,0.5737555222073691,0.9999393556064758,-0.19743574939466915,7.888196208913667,7.882350672378073,8.152211921300934,7.940125768443681,7.593998589722804,7.7769839120778945,7.925278848065206,7.74425354162708,7.8056080722760735,7.921767799421871,7.919265757392186,7.922392015927028,0.11471562805340829,0.07143447394695061,2.0695241669755116,0.4992092079007873,-2.0635638876796385,-0.7087154682323273,0.3892805734641822,-0.9510556193574474,-0.4967782609012801,0.36328428783973055,0.34475882554756027,0.36790607244256257,5
AT4G31550.3,WRKY11,4,15289789,15291567,-,1778,protein_coding,Probable WRKY transcription factor 11 [Source:UniProtKB/Swiss-Prot;Acc:Q9SV15],5.716173614976413,5.860414127898914,5.5803331841264034,5.443272225399043,5.717711808194627,5.89283759068798,5.374652596482942,5.521450388669845,5.487872040539258,5.635045863318889,5.79742592006157,5.637347822093501,5.637317679970173,5.647797978840698,5.59576173785339,5.502499516635666,0.6790960230948371,0.9994776333055974,-0.1971655846552091,0.8279401745844841,0.9993750365598442,-0.10105611164177972,0.9765787146365976,0.9999393556064758,0.014857859914360911,5.5730189586475385,5.771896445272114,5.439914296479725,5.6380913066201455,5.486576780967989,5.84136501136698,5.718852082651284,5.643937805038858,5.61943711295363,5.633120876325062,5.718010593178524,5.692514274548567,-0.6633468486027002,1.094657497069867,-1.8399434483074109,-0.08813105891952455,-1.4274641279854383,1.7087342493216453,0.6257647049114233,-0.03645014821661171,-0.25302731785434246,-0.13206784737619834,0.6183262453096933,0.39294810064956603,1
AT5G64810.1,WRKY51,5,25908247,25909881,+,1634,protein_coding,Probable WRKY transcription factor 51 [Source:UniProtKB/Swiss-Prot;Acc:Q93WU9],6.503317117968159,6.367710082072403,6.772696224061915,6.414655803346197,6.5475445461341915,6.351180092467028,6.700478619351003,6.721508598114271,6.5021505753336015,6.460117756951291,6.45621030410016,6.753581738702099,7.961551822956739,7.064881661663056,8.394851737287878,8.571378689083211,0.20121829722005938,0.9994776333055974,-0.5593565653428849,0.18514614918685648,0.9993750365598442,-0.5617502474190387,0.2087705545960185,0.9999393556064758,-0.58812544100103,6.905211105717628,6.7716610042805225,6.761734421611076,6.9044984980299,6.783701797954161,6.586883452181564,6.836812467187206,7.047147226683766,6.877779304767709,7.142900137679792,7.225472368347621,7.374011159721726,-0.13259627775581181,-0.7307136786569871,-0.7751708656017375,-0.13578776210108306,-0.6767877876290743,-1.5582583081034793,-0.4389263775667899,0.503078744971458,-0.25545232436039494,0.9319176723655822,1.3017256130724857,1.966971351365856,9
AT4G01250.1,WRKY22,4,522530,524249,-,1719,protein_coding,WRKY transcription factor 22 [Source:UniProtKB/Swiss-Prot;Acc:O04609],7.948357482096758,8.100910292540355,8.261980570983237,7.721837371310755,8.139345616828749,8.381606195874946,8.174204354183523,7.507691788067758,8.375616589055216,8.635280250729153,8.1814658746277,8.195122138801803,7.236558548648034,7.576727181786309,7.570898787981098,7.842411861982611,0.5754574572610078,0.9994776333055974,0.238608465362401,0.3173789007637815,0.9993750365598442,0.41527436764544035,0.2438723843781878,0.9999393556064758,0.5292633972909595,8.01003514217612,8.234351385758478,8.163981035638589,7.821017998515047,7.8717705528654704,8.219643874388172,8.174588276470343,8.278939064903854,7.609483385741877,7.815417598905253,7.798859064160321,8.04654974535608,0.029160245223985196,1.0649039119314094,0.7399802983015333,-0.843595585203451,-0.6092539436968895,0.9969943771088513,0.7889575027040169,1.2707802477262833,-1.8203221564505194,-0.8694545169251995,-0.9459108502612252,0.19776046954118887,8
AT5G52830.1,WRKY27,5,21410769,21412526,+,1757,protein_coding,Probable WRKY transcription factor 27 [Source:UniProtKB/Swiss-Prot;Acc:Q9FLX8],4.624717761628055,4.730269673035188,4.45580671515978,4.785122822219674,4.231296731099066,4.611060056961692,4.576391381907763,4.703678596716201,4.493247039572574,4.607682505218015,4.871227915653021,4.934004649770512,4.719237683691576,4.704198971675415,4.480201229431063,4.516743033754034,0.47742060746205933,0.9994776333055974,0.39959397200300295,0.9783406580393876,0.9993750365598442,0.014935248563288681,0.2816201218467893,0.9999393556064758,0.6368601064280995,4.439034407265547,4.585656841644336,4.578210387580142,4.509023269223034,4.734193077863359,4.862506654465641,4.776319906481837,4.782380315102577,4.575073667885044,4.523438604395041,4.436387822797673,4.519037716468952,-1.196889022652253,-0.17105196305958661,-0.22315073344195727,-0.7072151970954992,0.8681749223175641,1.7659149079151935,1.1629133242752105,1.2053146920179423,-0.2450966472607978,-0.6063589733631111,-1.2154057280936124,-0.6371495815590805,6
AT4G31800.1,WRKY18,4,15382777,15385100,+,2323,protein_coding,WRKY like transcription factor [Source:UniProtKB/TrEMBL;Acc:Q0WTZ3],5.2711036352009275,5.358472205998664,6.338244998537084,4.41403125619736,5.514376635321448,5.3082678276630535,5.206373136885215,4.143490044183231,6.6746425065255055,6.795341986068571,5.588561857936331,5.5065659351410225,5.144220579601385,4.469698033970933,5.717859655251234,5.995216550716747,0.37996343652703474,0.9994776333055974,0.9366885057624483,0.5176760395793308,0.9993750365598442,0.6789308247003913,0.03547124169155466,0.8766698888055265,2.3350177449107643,5.235409521390838,5.360177654558913,5.28934733894234,5.234670524579212,5.678793748748113,5.9592401428184845,5.987423480208323,6.130097393562515,5.0156731993927055,5.208364056789,5.213564341367932,5.412443884125047,-0.6578329147915453,-0.31823974760141477,-0.5110252818764692,-0.6598443119442581,0.5489676538085533,1.3122849911058432,1.3889942321851356,1.7773232460214812,-1.2559099368588238,-0.7314451004439054,-0.7172909966226144,-0.17598183298198458,6
AT4G31800.2,WRKY18,4,15383633,15385045,+,1412,protein_coding,WRKY like transcription factor [Source:UniProtKB/TrEMBL;Acc:Q0WTZ3],7.853287174873173,8.498423667768876,9.658817403791872,7.987267107175493,8.869690117631762,8.946504319653123,8.860899162577507,7.588408047307773,9.908554333153443,9.99445723343659,8.441222088966734,8.293168469282056,8.018109954634987,7.847640851988828,8.563745297049534,8.39309247058938,0.8305883866618288,0.9994776333055974,-0.06484203528084205,0.3228825784404734,0.9993750365598442,0.29154719725459066,0.9102258637868226,0.9999393556064758,0.0363246665163199,8.806022039598306,8.664940380618562,8.835048951251142,8.627701193312582,8.425669359211641,8.683213816043876,8.57675088515137,8.635497498863735,8.677205737913866,8.618444003351785,8.680039229510413,8.4193795549092,1.3546277721416378,0.2206225155524504,1.5879442119603175,-0.07870366519620427,-1.7026224901209719,0.3675032084653733,-0.4882389492117514,-0.016037465061340746,0.3192106647662051,-0.1531123597969383,0.3419860870870279,-1.7531795305858053,3
AT4G31800.3,WRKY18,4,15383197,15385059,+,1862,protein_coding,WRKY like transcription factor [Source:UniProtKB/TrEMBL;Acc:Q0WTZ3],8.116803058699995,8.631302121840632,9.656130677578716,8.051319450398752,8.92278570810807,9.018747141926456,8.892439169019083,7.4369185405883975,9.815032078555195,10.00613430429356,8.383839895432747,8.258635095047806,7.947862330736612,7.676850801751392,8.53295877242211,8.406295689254492,0.26553495335706884,0.9994776333055974,0.3982743111612846,0.08868570916795433,0.9993750365598442,0.593913511454255,0.36060759334916603,0.9999393556064758,0.34812107831046046,8.791673168439115,8.787649354111494,8.893142807748811,8.533833239681721,8.378239138119069,8.759981071790275,8.573908255181072,8.674603844374834,8.472189495693472,8.469506288631585,8.540354450426511,8.327015659139033,1.0663939012009815,1.0439865587786679,1.6314460552911838,-0.369434669256023,-1.235888742117843,0.8899106930129096,-0.14626965174775045,0.4144720633938366,-0.7127090768887742,-0.727651003759745,-0.3331201203556058,-1.521136007551828,2
AT3G58710.1,WRKY69,3,21714912,21716916,+,2004,protein_coding,WRKY69 [Source:UniProtKB/TrEMBL;Acc:A0A178V7K8],6.960779521451604,6.752272475799146,7.130841338698997,6.6536467505295915,6.854768798621598,6.853886869182357,6.8794064481168284,6.385335838795477,6.915114006921862,6.969366134939782,6.979733507557788,6.78934246081167,6.575249753190284,6.806576078258233,6.607543436225003,6.58700606046958,0.6092097918140769,0.9994776333055974,-0.19449402392718482,0.3876506628464509,0.9993750365598442,-0.32115114375177517,0.7339737168438625,0.9999393556064758,-0.13790044585166594,6.630965075793068,6.741478282993502,6.8828098315758774,6.540218447265058,6.65486161565609,6.794796050385443,6.945162601691699,6.835460018555899,6.88899107824561,6.925487256161272,6.892703987911066,6.865733030971953,-1.2978635462108097,-0.44877651004024244,0.6370917652832656,-1.9950814427068577,-1.1142633890800364,-0.0391293173029314,1.1161560338520577,0.27329712553992086,0.6845830701471574,0.9649878500189474,0.7131098276567223,0.5058885328427792,10
AT3G58710.2,WRKY69,3,21714911,21716916,+,2005,protein_coding,WRKY69 [Source:UniProtKB/TrEMBL;Acc:A0A178V7K8],6.110960733741968,6.174590570717523,5.8408227193989015,6.058232582655485,6.28715307629623,5.912921255952414,6.044700000258192,5.971276101264748,5.799722859262238,5.89678456195476,5.878339982790547,6.1550644855091505,6.259849579945841,6.234593383868794,5.648687038594484,5.845530195625607,0.5122265145673139,0.9994776333055974,-0.32526768328241457,0.5850583850640323,0.9993750365598442,-0.26429699623748454,0.6972880086367962,0.9999393556064758,-0.20619128241551754,6.068887400104528,5.863474240789654,6.069205970525188,5.8745358698727586,5.945009449602517,6.117825819871244,5.801778155479021,6.116762236989536,6.3603823459943145,6.144916005167976,5.890586880689376,6.118052118544159,0.23818723805972006,-1.0515312355790802,0.24018743200080236,-0.9820790766979085,-0.539599743903067,0.545454719141944,-1.4388997042872906,0.5387768485743548,2.068383599092842,0.7155446615196693,-0.8813003084835722,0.5468755705615528,10
AT3G01970.1,WRKY45,3,325952,327412,-,1460,protein_coding,Probable WRKY transcription factor 45 [Source:UniProtKB/Swiss-Prot;Acc:Q9S763],5.040432556455974,5.368008837036552,5.6973561846964555,6.21633240904723,5.11044246856719,5.841678079550589,5.990009416802016,6.007572067994361,5.471781867026541,5.541284056937033,5.782141939407362,5.886093684775074,6.298737771707806,6.000613132123531,6.275852822787093,6.351177097616651,0.8404810832034563,0.9994776333055974,0.08538427673823172,0.7662042793518836,0.9993750365598442,0.12064888132295497,0.42163720684542316,0.9999393556064758,-0.3620113734412595,5.9497866432431445,5.893809934177652,5.93074519889592,5.795019041001702,5.6364624468723274,5.552581052891064,5.748218650535489,5.656266230562747,5.8744829188529435,5.829241577041201,5.744340560381124,5.836867529823437,1.3123589588585554,0.8601993783110683,1.1585490684095494,0.062202326214172037,-1.2185604104929035,-1.8961239284541163,-0.3158342764361008,-1.0585926189559522,0.7040827489424066,0.3386395766210577,-0.34716008402281445,0.40023926100508483,5
AT2G40750.1,WRKY54,2,17000419,17002528,-,2109,protein_coding,Probable WRKY transcription factor 54 [Source:UniProtKB/Swiss-Prot;Acc:Q93WU8],5.052225476752547,5.462642585281265,5.4156536390525485,5.4547796119312615,5.135800557949294,5.210963804489932,5.058101003004355,5.346756986842679,4.903105209854311,5.235002110625004,5.272391220417358,5.376718897193543,7.321145205446195,5.801972211165081,7.672319518156849,7.436622748298976,0.7054057728701797,0.9994776333055974,-0.20382070674080383,0.21611076911114108,0.9993750365598442,-0.6468612777861271,0.27140697677324505,0.9999393556064758,-0.6339387550442557,5.778217908794182,5.610550071514946,5.203678741279625,5.652146990795587,5.34537552137838,5.700835790939084,5.6403752779855525,5.662881414283487,5.690521660851638,5.803216263264683,6.081601863050181,5.913837459893427,0.4528026701858633,-0.2729124745569745,-2.0339698789158445,-0.09286891470397787,-1.4206650200495299,0.11787036730063688,-0.14382031006060708,-0.046407209098038894,0.07322781372107692,0.5610028159459535,1.7659366250830835,1.0398035151483702,10
AT1G80840.1,WRKY40,1,30383561,30385499,+,1938,protein_coding,Probable WRKY transcription factor 40 [Source:UniProtKB/Swiss-Prot;Acc:Q9SAH7],11.908134219175343,12.107655611917773,12.633124731788865,11.801742746314638,12.285120032363864,12.34569192269747,12.419514225674456,11.506198805400665,12.597042448724022,12.854369112000727,12.233026189700718,12.157188844551596,11.46978113912972,11.607816820197186,12.031797796485387,12.273327906237967,0.41769531968264134,0.9994776333055974,0.2872938663879191,0.21943949432831122,0.9993750365598442,0.4244564532381206,0.2736999260558924,0.9999393556064758,0.41464595885224587,12.248601193637906,12.281035681264163,12.401482133270926,11.976695911456295,11.940795922881417,12.222325006972225,12.348945710865022,12.354179549127327,11.717640087180683,11.979314492023645,12.002379948795781,12.182144648199607,0.5255074760781419,0.6795624495982606,1.2516502589790834,-0.765968483990963,-0.9364836422078691,0.4007027531660294,1.002116575702042,1.0269758805321019,-1.9964130221900238,-0.7535309402069527,-0.6439763089389591,0.20985700347909134,2
AT2G37260.1,WRKY44,2,15644811,15647076,+,2265,protein_coding,WRKY transcription factor 44 [Source:UniProtKB/Swiss-Prot;Acc:Q9ZUU0],4.308407794155702,3.2100726430255695,3.873318598545007,3.8937053244447313,3.8643723960855088,3.642087920277692,3.9067725275046667,3.714623751621904,3.9205052475830033,3.7764965864360267,3.4568030747285525,3.790775072125805,4.130073609118675,3.9374185841400977,3.5150775934333236,3.524024405362242,0.780543234925454,0.9994776333055974,-0.43297807289598655,0.7044209115077076,NA,-0.5749522903617292,0.8301464705199348,0.9999393556064758,-0.3569807689083682,3.5577163008419723,3.778598834012199,3.8652088857975353,3.572408814072198,3.995600976226185,3.677450210911429,3.5444033017623733,3.867045895746986,4.3389704273750995,3.9602281026497526,3.685117926808233,3.615591620045108,-0.9868458611719099,-0.04108856429767091,0.32975148033143825,-0.9239366243143341,0.8880539826055449,-0.4741787095135076,-1.0438484038451572,0.3376170437111584,2.358266041870183,0.7365972204244502,-0.44134769224981124,-0.7390399135503835,10
AT1G66600.1,WRKY63,1,24848320,24849543,+,1223,protein_coding,Probable WRKY transcription factor 63 [Source:UniProtKB/Swiss-Prot;Acc:Q9C6H5],2.756660851765288,2.8092388227435374,2.9483249358228045,2.833339494172363,2.6470772403916865,3.2462619410678917,2.759201408425928,2.9053816870895837,2.9520297332911696,2.700174927398548,3.074209021271518,3.051142114678463,3.6419599629949495,3.0637940497639975,3.5714799450407426,3.4460356832878265,0.680966158100875,NA,-0.5020858198826654,0.8501388197207017,NA,-0.2203492173269134,0.8076069454123281,NA,-0.30957934743704985,2.9447055755215,3.233831463896823,2.8535264189202665,3.1000455641258906,3.068393776840995,3.0107407427115436,3.0897053074857292,3.0823239387362573,3.0367869248370556,3.0259755879949277,3.07434286633448,3.045353725416002,-1.1216115467418037,2.0440551409947747,-2.119940753062292,0.579220675379853,0.23266226382368388,-0.3985862577670995,0.46600422778899236,0.3851849234665453,-0.11340414709281105,-0.23177849635410852,0.2977994071549691,-0.019605437590713492,7
AT5G46350.1,WRKY8,5,18801164,18804056,-,2892,protein_coding,WRKY transcription factor 8 [Source:UniProtKB/Swiss-Prot;Acc:Q9FL26],3.2006860018528047,3.2607924092489218,2.89453783778507,2.962826435676832,3.1713922092494853,3.1805451451053233,3.0034004819554334,3.090841756831176,3.096496420349343,2.860964654588421,2.9763842512703467,3.1557312195303813,2.830382304516209,3.218747342815403,2.9968429757352966,3.1457586730018976,0.46215291560328503,NA,-0.8375961126912314,0.609512934580071,NA,-0.5665026330565452,0.5604854050966592,NA,-0.7093460470401101,3.0190902668310398,3.1028415863036374,3.0132504014243273,3.0646963246110546,3.0988242621020308,2.932292083775815,2.9038709262120777,3.1215180679462855,2.9965946941720714,3.1897221315645257,3.233094614239969,3.400958410776016,-0.5135156124869039,0.09531916469859507,-0.5559688320430733,-0.18197989219429198,0.06611500767074864,-1.1444997303887638,-1.351108882837205,0.2310888649387345,-0.6770484028206062,0.7269020191391684,1.0422006435903974,2.2624956527332096,9
AT5G26170.1,WRKY50,5,9146879,9148391,-,1512,protein_coding,Probable WRKY transcription factor 50 [Source:UniProtKB/Swiss-Prot;Acc:Q8VWQ5],3.53372172079628,3.600493111589251,3.5143622194149446,3.6185223754844165,3.4510565188078575,3.6435908041133325,3.57638053547199,3.704622301970853,3.6858391313469814,3.7175888120240925,3.5627988516506663,3.6384857400399793,3.7120058073290165,3.654093393554212,3.5200258061471024,3.5847043197028565,0.8304270175101167,NA,-0.17317132466756183,0.8805565192067604,NA,-0.1175757985393633,0.9785428114722636,NA,-0.0230359063929956,3.5334554687454007,3.6272059349481576,3.558442393341497,3.655459550763805,3.6810630710235284,3.6879772828786277,3.5360536994065117,3.5881477994246027,3.7516112525796,3.6301783419624254,3.5402459631996934,3.6026711716436393,-1.1909393720131711,0.16097874666885642,-0.8306182188516859,0.5684068554192251,0.9376195574265117,1.0373251766295017,-1.1534718771884058,-0.40225473082695157,1.954951723854904,0.20384200976981418,-1.0930178057596887,-0.19282206512889727,1
AT1G29860.1,WRKY71,1,10454433,10455874,+,1441,protein_coding,WRKY transcription factor 71 [Source:UniProtKB/Swiss-Prot;Acc:Q93WV4],2.2592138593723345,2.2055393312419027,2.0374576758138208,2.133412397916355,2.1203784049600265,2.0721117007017464,2.103484221308236,2.122320908482013,1.970058082511971,2.0449516816082527,2.0560555246077574,2.256329859851392,2.5659120210212563,2.2966407271666025,2.5611770524237767,2.706292803390084,0.9337290617089026,NA,-0.11920618138062519,0.6041550976031437,NA,-0.7310784882543138,0.8429499551095851,NA,-0.3058553331639695,2.1686165290286414,2.2021930874237805,2.1393049316379966,2.1225144286403443,2.1745422629958995,2.2316482273116436,2.1503115357322646,2.3311258689742926,2.1920719531936417,2.2615252080571637,2.2371941900795913,2.3924818355365836,-0.6025130648327539,-0.18404984869501861,-0.9678222537578292,-1.1770815769523426,-0.5286608949726526,0.1830483042546451,-0.8306474160678248,1.4228339122392861,-0.31018911320995385,0.555403841833075,0.25216740184481157,2.1875107083165353,10
AT4G26640.1,WRKY20,4,13437071,13440489,-,3418,protein_coding,Probable WRKY transcription factor 20 [Source:UniProtKB/Swiss-Prot;Acc:Q93WV0],3.674421409344886,3.762340123661041,3.8653343803215563,3.30113059538811,3.9971501337036868,3.5794016287393693,3.929468783312462,3.91670439505552,3.947351008183495,3.436733542112974,3.069452119105895,3.7265902279268728,3.6395327458056044,3.3682770434188645,3.5964866851128807,3.4672232904178397,0.5302630991707029,NA,1.033870807277444,0.2404321917601401,NA,1.8821690000707332,0.6110430411050486,NA,0.8937498323298407,3.8790622738269196,3.6253270235866246,3.964684584057128,4.1131046258696795,3.8521372487423373,3.384586070556244,3.1665645582141817,3.875218744346267,3.522961978380318,3.486790306017166,3.457426080892313,3.3209876397920164,0.8229542184358926,-0.041128425763268875,1.1145366933032737,1.6199736874145987,0.7312623985244632,-0.8609596437927545,-1.6034209482367354,0.8098652719313986,-0.38972744324966635,-0.5129082558133861,-0.6129066488892913,-1.077540903864533,3
AT3G04670.2,WRKY39,3,1266242,1268350,-,2108,protein_coding,Probable WRKY transcription factor 39 [Source:UniProtKB/Swiss-Prot;Acc:Q9SR07],3.467566780916599,3.490629840676699,3.509324932328669,2.8811998678911888,3.311031236916049,2.872046059813395,3.2240953041266946,4.050456189649331,3.3541610799691366,3.4366015985977127,3.714263466384358,3.116476708909059,3.3325086805399424,3.413341884884816,3.425745969031222,3.1340758809606686,0.8969890131004374,NA,0.2765803619357273,0.9473258128086058,NA,-0.1377482429753502,0.774784874477254,NA,0.6526182008242192,3.147597629320309,2.975264688044034,3.201125717905215,3.8926761567713943,3.5058208802150572,3.471029928362881,3.758246898821621,3.136407484353546,3.3973249305482507,3.371227906259441,3.503855627619419,3.172375594651203,-0.854512194087028,-1.4943625757923473,-0.6557691815244991,1.9118699999343205,0.47552536067894524,0.34635096338934807,1.412751193195966,-0.8960597849033576,0.07269364264719128,-0.024201302851349193,0.4682286267280595,-0.7625147474152558,7
AT5G41570.1,WRKY24,5,16624157,16625977,+,1820,protein_coding,Probable WRKY transcription factor 24 [Source:UniProtKB/Swiss-Prot;Acc:Q9FFS3],3.5439976365482515,3.1073539699938584,3.0982392903411498,3.3186169078128582,3.6045004378333765,3.2197265148724057,3.296643393556884,3.3281090366517447,2.9742113418756397,3.0100923801327464,3.1818410022876207,3.33277864547321,3.71136343257375,3.460689301070983,3.580326353016395,3.6464262829105474,0.6490255175861983,NA,-0.424948945437622,0.998936643260292,NA,-0.0012020603307891931,0.7819806712970181,NA,-0.2792345267676153,3.445278038830411,3.3935809250738425,3.337863701317997,3.247637618115313,3.296621632288248,3.2931750127176653,3.288779833331692,3.435369372847941,3.3932716385047987,3.393018891269316,3.372521807616788,3.4382865811969543,1.2557502796634699,0.48285643911389287,-0.3501397559192189,-1.6990580783740759,-0.9667262306440956,-1.0182546592787118,-1.0839644606329055,1.107611508474507,0.4782324733485269,0.4744537946694768,0.16801367542286524,1.1512250141562559,9
AT4G24240.2,WRKY7,4,12571735,12573783,+,2048,protein_coding,Probable WRKY transcription factor 7 [Source:UniProtKB/Swiss-Prot;Acc:Q9STX0],3.3601259138603754,3.3907606347040664,3.1116264051590488,3.7463896394763743,3.3606517142978194,3.5432034775895254,2.9527475609346268,3.6860321151055597,3.367990859866712,2.9536960894328024,3.274111347247071,3.633105800312673,3.8768443129770715,3.6334903509618504,3.4078219821195916,3.486098972442237,0.9215749226987323,NA,-0.15608899641558754,0.9342782993448677,NA,-0.12753310136571858,0.9744244397529729,NA,0.054075418304288546,3.4864376911237422,3.505837800594696,2.9926498864080218,3.5219960407861683,3.6873512569606977,3.3681334339202182,3.169025878147382,3.5042404482185856,3.6370897558416266,3.4270460550519153,3.3546493945819758,3.5100141754940966,0.2913521510971627,0.3921683398753956,-2.2747057678616813,0.47613756674530083,1.3354359492764032,-0.323437386320471,-1.3581359255230947,0.3838674084328998,1.0742429393769328,-0.01728726163554573,-0.39350964325555227,0.41387162979224085,10
AT4G26440.1,WRKY34,4,13357596,13359551,-,1955,protein_coding,Probable WRKY transcription factor 34 [Source:UniProtKB/Swiss-Prot;Acc:O65590],1.902386293816701,1.843631232981564,1.8947019877966447,2.106063513045158,1.919380821946672,1.920721215543614,1.9568772010534567,2.0097007649432275,1.9257681076367297,2.103705336854117,1.7708313604586163,2.0004268056559673,2.0628565898731965,1.923445093591394,2.171433599950577,2.2142534617218206,0.7587755786172805,NA,0.49606635939726984,0.8412814214921401,NA,0.3098325037568437,0.9622643596858791,NA,-0.08240341294925943,2.0542809436511447,2.042964227358753,1.9230104689680998,1.952647595456875,1.9639678227670385,1.9950640817180916,1.8604504003480744,2.02577975675841,1.9492947096051916,1.9371191701315582,1.9631390262698876,1.9615100591250012,1.5711092961243363,1.362373761905328,-0.8501595553860954,-0.30350615606830833,-0.09470586152913558,0.4788610687229428,-2.00407284673178,1.0454081723866555,-0.36534975109569434,-0.5899261804033877,-0.10999291787320584,-0.14003903005167168,3
