ID,Gene,Chromosome,Start,End,Strand,Interpro_ID,Ontology_ID,Best_TAIR,Best_sport,Best_trembl_plants,Description,L_fSC_1,L_fSC_2,L_fSC_3,L_fSC_4,L_AtSC_1,L_AtSC_2,L_AtSC_3,L_AtSC_4,L_AtSCMloti_1,L_AtSCMloti_2,L_AtSCMloti_3,L_AtSCMloti_4,L_LjSC_1,L_LjSC_2,L_LjSC_3,L_LjSC_4,L_mock_1,L_mock_2,L_mock_3,L_mock_4,fullSC_vs_Mock_pvalue,fullSC_vs_Mock_padj,fullSC_vs_Mock_log2FoldChange,AtSC_vs_Mock_pvalue,AtSC_vs_Mock_padj,AtSC_vs_Mock_log2FoldChange,AtSCMloti_vs_Mock_pvalue,AtSCMloti_vs_Mock_padj,AtSCMloti_vs_Mock_log2FoldChange,LjSC_vs_Mock_pvalue,LjSC_vs_Mock_padj,LjSC_vs_Mock_log2FoldChange,Raw_L_AtSC_1,Raw_L_AtSC_2,Raw_L_AtSC_3,Raw_L_AtSC_4,Raw_L_AtSCMloti_1,Raw_L_AtSCMloti_2,Raw_L_AtSCMloti_3,Raw_L_AtSCMloti_4,Raw_L_LjSC_1,Raw_L_LjSC_2,Raw_L_LjSC_3,Raw_L_LjSC_4,Raw_L_mock_1,Raw_L_mock_2,Raw_L_mock_3,Raw_L_mock_4,Scale_L_AtSC_1,Scale_L_AtSC_2,Scale_L_AtSC_3,Scale_L_AtSC_4,Scale_L_AtSCMloti_1,Scale_L_AtSCMloti_2,Scale_L_AtSCMloti_3,Scale_L_AtSCMloti_4,Scale_L_LjSC_1,Scale_L_LjSC_2,Scale_L_LjSC_3,Scale_L_LjSC_4,Scale_L_mock_1,Scale_L_mock_2,Scale_L_mock_3,Scale_L_mock_4,cl
LotjaGi1g1v0457600.1,LotjaGi1g1v0457600,chr1,96088830,96093310,-,IPR003657 (WRKY domain),"GO:0003677, GO:0003700, GO:0005634, GO:0006351, GO:0006355, GO:0043565",AT3G56400.1 WRKY DNA-binding protein 70,sp|Q9LY00|WRK70_ARATH Probable WRKY transcription factor 70,tr|A0A0B2S8Q8|A0A0B2S8Q8_GLYSO Putative WRKY transcription factor 70,WRKY transcription factor,7.328328407181535,7.537730929591729,6.981912948328485,7.007554829919636,6.8022147654048055,7.1929851831642395,7.5606365286127,7.136497735030638,7.690993849084213,7.504117474992574,6.77953496366397,7.050466691049504,7.479748987351882,7.25298607547491,6.918010586750646,7.266315101283148,8.833494021775504,8.789046996118872,9.028055143068906,9.46751294854743,7.942685180511698e-25,1.0272274743955779e-20,-3.069139876760583,4.16459183122714e-8,1.7998444451179508e-4,-2.632259483097325,1.5380767914166296e-25,3.411146708003801e-21,-2.8557000538537847,2.068529531014316e-15,4.58758479388355e-11,-2.520104864204195,6.938152391889675,7.441156407685038,7.4358292992806305,7.43832264632841,7.364458948918205,7.161644866963385,6.992177417720578,7.129285668839221,7.683372235990918,7.363142535435776,6.931563160797741,7.3926360314985295,9.03210733626996,8.972502079306084,8.893506075038689,9.282095301906578,-0.9461862298590713,-0.3341250698460985,-0.3406071575573883,-0.3375732237547613,-0.4274514332721369,-0.6742379764609587,-0.8804479475761605,-0.7136130265977819,-0.0393940216019178,-0.42905326056935766,-0.9542040831943882,-0.393165230163749,1.601762597638364,1.5292342249523239,1.4331109645210152,1.9059508733420716,8
LotjaGi3g1v0051600.1,LotjaGi3g1v0051600,chr3,5412636,5415288,+,IPR003657 (WRKY domain),"GO:0003677, GO:0003700, GO:0005634, GO:0006351, GO:0006355, GO:0043565",AT3G56400.1 WRKY DNA-binding protein 70,sp|Q9LY00|WRK70_ARATH Probable WRKY transcription factor 70,tr|V7APM3|V7APM3_PHAVU Uncharacterized protein,WRKY transcription factor,5.423951290686875,5.828073102945522,4.949463651725768,4.863473478556767,4.866577865313,5.2351135427900495,5.858475631222046,5.331071355698255,5.612496906282594,5.34349395585224,4.949486577623063,4.768780970583426,5.294735449331464,5.077880953852685,4.564377274222003,4.568560376338022,6.768965634632064,6.63746691720531,6.624885368922726,7.2363849596740994,5.989905305380263e-12,1.2911240885747158e-8,-2.8921829081103807,3.8998029553295645e-4,0.09966901041175391,-2.385670152606585,6.269604572232029e-14,2.525335425724186e-10,-2.8706283540692747,9.446844096276269e-11,5.237802709180378e-7,-2.969194261704738,4.812196478937369,5.296689536994937,5.669495445777855,5.519755975607626,5.235316476616382,5.027971780004561,5.22968758225174,4.932565932468032,5.4688857113729,5.184903315941806,4.617564591455808,4.74547143767791,6.997241666948608,6.883052307283668,6.621250635974461,7.1813878213904845,-0.9157735381883595,-0.34457886705947516,0.09494187512804489,-0.08159396165320089,-0.4169348367809992,-0.6613845431737679,-0.42357104015266583,-0.7738635783242058,-0.14156762560266628,-0.47636959699723397,-1.1452354367900413,-0.9944392432266538,1.6602926134540683,1.5256686954112977,1.2170167610698854,1.8773923228859797,8
LotjaGi1g1v0754400.2,LotjaGi1g1v0754400,chr1,132748685,132752791,+,IPR003657 (WRKY domain),"GO:0003677, GO:0003700, GO:0005634, GO:0006351, GO:0006355, GO:0043565",AT4G04450.1 WRKY family transcription factor,sp|Q9XEC3|WRK42_ARATH WRKY transcription factor 42,tr|I1NBI8|I1NBI8_SOYBN Uncharacterized protein,"WRKY family transcription factor, putative",6.3573600802130725,6.030376841441534,5.6634532123444385,6.168200438479576,6.138236955205313,5.527455145867744,5.998057119481967,5.917446499222109,6.074270375100312,6.286503647076157,6.176031742232793,6.028745501502765,6.04966883660443,6.141951432332303,6.278288178299799,6.202240614380848,6.803725955794895,6.486372222568687,6.337954043414785,6.359971163145282,0.008209876924709859,0.21493590742362875,-0.7327729653226809,0.01765495257252245,0.6148491629861503,-1.0708598237631002,0.012227056994066855,0.4724245122202346,-0.6359108315124716,0.009349655786347109,0.49905279400318175,-0.7932266762686152,6.141966450746288,5.507032137899528,5.999944361177123,5.884422801834057,6.005864507773325,6.217370683913958,6.241498526897127,6.185766563754532,5.981278397033115,6.0848597257383545,6.18876516060985,5.9845178383777045,6.626887116191797,6.567662570163813,6.503841437699297,6.570853410649891,-0.08932775612719893,-2.2445024262135362,-0.5713971668349963,-0.963515112750986,-0.5513022535043148,0.1666188670937567,0.24851665555631747,0.059344149284642246,-0.6347555525797184,-0.2831666536926368,0.06952236749969935,-0.6237598294161889,1.5566515428712466,1.3556240682737646,1.1389942763082652,1.3664548242318841,8
LotjaGi4g1v0101500.1,LotjaGi4g1v0101500,chr4,13909261,13912426,+,"IPR003657 (WRKY domain), IPR018872 (Zn-cluster domain)","GO:0003677, GO:0003700, GO:0005634, GO:0006351, GO:0006355, GO:0043565",AT2G23320.1 WRKY DNA-binding protein 15,sp|O22176|WRK15_ARATH Probable WRKY transcription factor 15,tr|I3T1D3|I3T1D3_LOTJA Uncharacterized protein,WRKY family transcription factor,7.306639073845282,7.403348202937595,7.085132736811649,6.8084301484574095,7.240356136582495,6.898206202331143,6.812741236579303,7.144920106165464,7.119509245716722,7.283711099456121,6.889927287114032,6.985898976473038,6.648413694184092,6.900415059011857,7.015265931924641,6.608278518906529,6.557917752433817,6.604777058407522,6.72894374316822,6.634185515100614,0.008483166083861323,0.2185513684513516,0.5913139693658547,0.260785146763605,0.9997675573659286,0.4061975427378541,0.006770042047676499,0.3483665720031772,0.5690077502928298,0.27579226750982044,0.9558038658618928,0.2898549796811103,7.084492576384386,6.79901682996089,6.688413659965271,7.152934396057351,6.941327503153576,7.18547469613429,7.0398064997227445,7.078486960274383,6.716368797306599,6.955955631657193,7.0851831936022425,6.766467238706484,6.713970503146926,6.732809414446678,6.7811837048593,6.6544399181359895,1.00512709875422,-0.5377913550636506,-1.1355712861960119,1.3750364445017143,0.2313589723988701,1.550907880553588,0.7636110569406885,0.9726683836487969,-0.9844814026478584,0.3104200124199984,1.0088596962281051,-0.7137130073925652,-0.9974435276724959,-0.8956243564876119,-0.6341745265001061,-1.3191900834856432,2
LotjaGi4g1v0379800.1,LotjaGi4g1v0379800,chr4,75907248,75910214,+,IPR003657 (WRKY domain),"GO:0003677, GO:0003700, GO:0005634, GO:0006351, GO:0006355, GO:0043565",AT1G29280.1 WRKY DNA-binding protein 65,sp|Q9LP56|WRK65_ARATH Probable WRKY transcription factor 65,tr|A0A0R4J3W0|A0A0R4J3W0_SOYBN Uncharacterized protein,WRKY family transcription factor,7.892872775457497,8.241838361046685,8.609295799574012,8.7856090024875,8.019906860227426,8.06516326652856,8.49553270885455,8.436481918412062,8.331320413948163,8.6614897188885,8.662866746935112,8.654217592557554,8.569193761078418,8.65642107910126,8.741740383933742,8.851552485128497,8.635901291906116,8.913594680518122,8.941830842542094,9.289682185926413,0.01180511463832189,0.26581801631226376,-0.41161156281895667,0.35203339907555226,0.9997675573659286,0.24818638846764537,0.09132979870746356,0.8250559167959783,-0.2561658904654674,0.7422709407252636,0.9938892627464001,0.059479297691584145,8.718136280881895,8.757158887060486,8.72098134027342,8.865521378046038,8.498010782524943,8.545783741045298,8.428258708138284,8.345917809018873,8.690040551638246,8.67592543196918,8.601421211310585,8.681898656849118,8.545167204357764,8.696501891400537,8.454123306664458,8.799454073359792,0.6333294664467489,0.9030833799565662,0.6529966793827432,1.652167279869488,-0.8883452872416424,-0.5581022875345124,-1.370524641309294,-1.939727520218086,0.4391104314161114,0.34153599589624734,-0.17349380512921958,0.382827466288131,-0.5623642577249098,0.48377612287243554,-1.1917288775957027,1.1954598546248336,10
LotjaGi4g1v0433600.1,LotjaGi4g1v0433600,chr4,80771086,80775053,-,IPR003657 (WRKY domain),"GO:0003677, GO:0003700, GO:0005634, GO:0006351, GO:0006355, GO:0043565",AT4G11070.1 WRKY family transcription factor,sp|Q8H0Y8|WRK41_ARATH Probable WRKY transcription factor 41,tr|A0A151SV62|A0A151SV62_CAJCA Putative WRKY transcription factor 41,WRKY family transcription factor,8.630964854706194,8.915202096025848,6.685165667907956,5.797005957611331,8.192807575149885,5.876350717485938,6.761547158811985,7.6332393151725935,8.341529303839907,7.625555425025058,5.930723396055613,6.520793421335482,6.619837577441376,6.301334271840092,5.968080829885588,5.618278584112863,5.874771351062767,5.202266469066389,5.650301861361831,5.7392821868721535,0.02033617658122398,0.34024291296891296,1.5100710253537086,0.5244809770964685,0.9997675573659286,0.6640094732431416,0.010705679161806356,0.4391688191052286,1.543827322618832,0.5563824610118857,0.9909953044400374,0.4248160604989925,7.059429678477839,5.010227081164043,6.008447300082769,7.4331033057021925,7.237504991098935,7.069646021014364,6.913561339075142,7.361487816334974,6.827698676283253,6.50604642555729,6.2776076185104,6.2299912981452055,6.494550791147733,6.083984645812269,6.373951031948297,6.3574972834459285,0.7766575585572486,-2.5277802612077083,-0.918102112169143,1.3792242680019482,1.0638125712255784,0.7931319026272886,0.5414378403798309,1.2637408444223455,0.4029801639123271,-0.11569957205163853,-0.48406814356196515,-0.5608517520050977,-0.1342368358414298,-0.7962945064397629,-0.32870975222146825,-0.355242213628359,9
LotjaGi2g1v0229400.1,LotjaGi2g1v0229400,chr2,68725792,68729703,-,IPR003657 (WRKY domain),"GO:0003677, GO:0003700, GO:0005634, GO:0006351, GO:0006355, GO:0043565",AT2G38470.1 WRKY DNA-binding protein 33,sp|Q6IEQ7|WRK24_ORYSJ WRKY transcription factor WRKY24,tr|I1MBH2|I1MBH2_SOYBN Uncharacterized protein,WRKY transcription factor,6.346647383107268,6.439628425318664,6.479033293776144,6.491610272668789,6.1985239439273645,5.908448390792072,6.4181133400914305,6.387403342381957,6.529055153536025,6.95920848701155,6.506298149051144,6.614302564767363,6.284597838055,6.390269561043196,6.583816930738625,6.3534244081745825,6.761768296347512,6.7026370046958625,6.777270883534966,6.9925107687564845,0.021786465715303873,0.3457231424491104,-0.4388088818640949,0.7107505082124979,0.9997675573659286,-0.11654584979514256,0.4008343693144239,0.9943697401985359,-0.1467073238870871,0.04601825758739495,0.7483604657657641,-0.45187811654375715,6.630927997770805,6.366815551278085,6.498511654933914,6.715177742436774,6.476365185812056,6.745736215821516,6.48032818380746,6.539414172521709,6.3937856726394555,6.415691596797529,6.4738154497478275,6.212930927396569,6.707331285785674,6.68266387855389,6.53248684579869,6.747418398864582,0.5950845715109018,-1.109285375029503,-0.25942432482848116,1.1387648664732135,-0.4023398780124554,1.3359647498590386,-0.37676586674845836,0.004527725293471048,-0.935241838220518,-0.7938785693476755,-0.4187938300211156,-2.1023333425192097,1.088130127063705,0.9289464607759996,-0.040175686580397135,1.3468202103314788,7
LotjaGi1g1v0449400.1,LotjaGi1g1v0449400,chr1,94860991,94865825,-,IPR003657 (WRKY domain),"GO:0003677, GO:0003700, GO:0005634, GO:0006351, GO:0006355, GO:0043565",AT2G38470.1 WRKY DNA-binding protein 33,sp|Q8S8P5|WRK33_ARATH Probable WRKY transcription factor 33,tr|I3T3Y7|I3T3Y7_LOTJA Uncharacterized protein,WRKY transcription factor,7.974520221054112,8.659836156296832,7.228138136226333,6.792079373205131,8.095365329450468,6.447190734151754,7.100018880957601,7.973743338413818,8.110873501527381,8.22396138856494,6.885275016978986,7.371219590439325,6.939842381467867,6.965096384539942,7.413194649125592,6.36473200782408,6.814276278482878,6.088803970945989,6.218484714542813,6.622010190158878,0.02329677948542574,0.35618237426302185,1.291996414315977,0.15784233411515167,0.9997675573659286,1.292384459334762,0.004104451886008563,0.2653893117431426,1.5159563188319187,0.3472658721515839,0.9696589374219134,0.5825022063739363,7.806423572788341,6.291388699070522,6.782206314744514,8.056999349688143,7.503055554547212,7.7857752738114705,7.384644768269837,7.8210298272522625,7.0705542116624756,7.049574835450578,7.449168263271565,6.460411397941728,6.988186876119298,6.55100706238038,6.512915114474102,6.889112964215528,1.1850114561742842,-1.5506509319097082,-0.6643932530264097,1.637470168591612,0.637227050912859,1.1477273144895968,0.42341551430607727,1.211385621984527,-0.14373032310595457,-0.18161228306870733,0.5399240524830203,-1.245450670149577,-0.2924590591641673,-1.0818642365778441,-1.1506459596812488,-0.47135446225834815,2
LotjaGi6g1v0264600.1,LotjaGi6g1v0264600,chr6,57824043,57828641,+,IPR003657 (WRKY domain),"GO:0003677, GO:0003700, GO:0005634, GO:0006351, GO:0006355, GO:0043565",AT1G30650.1 WRKY DNA-binding protein 14,sp|Q9SA80|WRK14_ARATH Probable WRKY transcription factor 14,tr|V7BN46|V7BN46_PHAVU Uncharacterized protein,WRKY family transcription factor,8.020449198985249,8.056258579525753,8.038067293237367,8.050219397380756,7.962520253274783,7.861800747246154,8.036520199403965,8.048555045110222,8.204131024607245,8.237896180752289,8.254939461486991,8.160170220562662,8.004460746388384,8.059143423921972,7.895596620854292,8.313818590138304,8.40325226445749,8.036427365852393,8.40395207046243,8.35156739795179,0.028512672066091083,0.3909402716529923,-0.32752259822486496,0.5650457794164068,0.9997675573659286,-0.13983005820919872,0.4629044459192519,0.9943697401985359,-0.10098411080080008,0.020755774269118225,0.627141092289515,-0.3896083828411019,8.220652094050697,8.109634419127449,8.106669975620285,8.199697736644163,8.187230048298511,8.120318699549989,8.2367287940745,8.170579828352643,8.014526049800015,8.034203153465901,7.783744580215293,8.109442591785076,8.26151841924996,8.03326268377525,8.3405656580163,8.31525184020506,0.5917580913060094,-0.2253470501540226,-0.24716575634604124,0.4375311793777292,0.34576730253202625,-0.1467092974529902,0.7100847834858032,0.2232194259563829,-0.9253575451229817,-0.7805313939218027,-2.623940455292441,-0.22675892540572667,0.8925397862566606,-0.7874533783729213,1.4743381824025896,1.2880250507517257,7
LotjaGi1g1v0312500.1,LotjaGi1g1v0312500,chr1,75673359,75675748,-,IPR003657 (WRKY domain),"GO:0003677, GO:0003700, GO:0005634, GO:0006351, GO:0006355, GO:0043565",AT5G64810.1 WRKY DNA-binding protein 51,sp|Q93WU9|WRK51_ARATH Probable WRKY transcription factor 51,tr|I3T0G9|I3T0G9_LOTJA Uncharacterized protein,WRKY family transcription factor,5.9669594842683376,6.251455255429784,6.15556899972881,6.245717862579339,5.924339990407673,4.651903718921355,5.4344854720275775,5.399531630660059,5.909851830923298,6.131725585282444,6.243261072268696,6.2600981675262215,6.051131190499583,5.669034859691959,6.300220155576015,5.9739609619289205,6.967670020851977,6.504444528551374,6.526012902684795,7.170111907744648,0.039239562800048075,0.4415275011742698,-0.9164739148335115,0.010649535989194263,0.5137754085710697,-1.8692848194932215,0.01757254166921702,0.5481347807874755,-0.9774833655759287,0.0205160463929275,0.623294351921022,-1.122707193511521,6.238957772554439,4.9691868920951645,5.518476726662623,5.6063690992312,5.9285097773692135,6.027461781540686,6.182698735098677,6.178447366752506,6.1060123124156735,5.673662701806226,6.217445991874781,5.856048007331741,6.902189641021861,6.452566063110687,6.347357654948528,6.997106140183659,0.3251597013534143,-2.1954383266357556,-1.1050535216979958,-0.9305800443321317,-0.2911047102025008,-0.09467696845906454,0.21348095595938624,0.20504164550225942,0.061252196611551485,-0.7969967935605081,0.2824570746086039,-0.4349471919225059,1.6417286709882273,0.7491894568188024,0.5403422464894079,1.8301456084788144,8
LotjaGi3g1v0349800.1,LotjaGi3g1v0349800,chr3,72765478,72768346,-,IPR003657 (WRKY domain),"GO:0003677, GO:0003700, GO:0005634, GO:0006351, GO:0006355, GO:0043565",AT1G80840.1 WRKY DNA-binding protein 40,sp|Q9SAH7|WRK40_ARATH Probable WRKY transcription factor 40,tr|I3S9X4|I3S9X4_LOTJA Uncharacterized protein,WRKY transcription factor,9.231715697841857,10.292318957258683,9.17413862915732,8.566598526545606,9.099161494885314,8.220175169344897,8.417411596044227,9.202480717586056,9.393880989291315,9.537975707103767,8.557765950333556,9.1102060449731,8.692514060386795,8.659592513166627,9.03525665715674,8.282871196212724,8.540378918420938,8.325146643539838,8.363100422122937,8.704348490206476,0.049037934565627966,0.47084471102649456,0.9118398593572365,0.6503354476174532,0.9997675573659286,0.3387367518573259,0.07228599453701,0.7902281676569172,0.7722675450465943,0.5878271014680264,0.9938892627464001,0.26994283300103383,8.969509028235624,8.201000418166444,8.2054091000263,9.335557145492974,8.985640315438351,9.22174980298003,8.876446612809204,9.3417717411045,8.83699669073058,8.751012848656622,9.083449626772063,8.428530023638524,8.737560399000756,8.611058498736496,8.449977777538102,8.750535082683067,0.4754300954422487,-1.6691348492230411,-1.6568321834559308,1.4969072136493904,0.5204453270141918,1.1793216537728337,0.21573437938330534,1.5142493796565484,0.10564723286196794,-0.1342953404591653,0.7933875134774651,-1.0342011485778109,-0.17183513061095904,-0.5248455421870336,-0.9743500284313468,-0.13562857231267364,9
LotjaGi4g1v0307700.1,LotjaGi4g1v0307700,chr4,68367642,68369792,+,"IPR003657 (WRKY domain), IPR018872 (Zn-cluster domain)","GO:0003677, GO:0003700, GO:0005634, GO:0006351, GO:0006355, GO:0043565",AT4G31550.1 WRKY DNA-binding protein 11,sp|Q9SV15|WRK11_ARATH Probable WRKY transcription factor 11,tr|I1LVK7|I1LVK7_SOYBN Uncharacterized protein,WRKY family transcription factor,8.622420039167277,8.576361514969465,8.049552587352633,7.93997839036986,8.01531772547967,7.393804591789168,7.693915608042575,7.817227997085385,8.256785250910664,8.221511692874158,8.068816111568198,8.0712369524012,8.020547763780831,7.89740615901662,8.17421425001832,8.159204943805008,7.96125907815399,7.524482237696944,7.832615133710267,8.020438877839535,0.060570033554164376,0.5112493785145378,0.4589112118674797,0.46172274327232243,0.9997675573659286,-0.2913494496876823,0.14153883772569872,0.8938668513543262,0.33409710592323155,0.3408293724246004,0.967891022658489,0.25701562216377394,8.00498693900749,7.433479287782358,7.598979550893148,7.912403402288809,8.02445088240002,8.015018419643736,8.24602002200766,8.229834547320072,8.082809426621397,7.926830505476652,8.1547166568176,8.141466276035835,7.9933625522526155,7.69143157501415,7.901474134945439,8.084111126668073,0.17816582605916542,-2.373729555162615,-1.6347379491568996,-0.2352380876471582,0.26507620623917477,0.2229583831624299,1.2544265023794556,1.1821551373161994,0.525658718361475,-0.17081820121073826,0.8467388092767522,0.7875732225275124,0.1262606261800259,-1.2219212653675668,-0.2840394410391818,0.5314710680819534,9
LotjaGi4g1v0379800.2,LotjaGi4g1v0379800,chr4,75907248,75910214,+,IPR003657 (WRKY domain),"GO:0003677, GO:0003700, GO:0005634, GO:0006351, GO:0006355, GO:0043565",AT1G29280.1 WRKY DNA-binding protein 65,sp|Q9LP56|WRK65_ARATH Probable WRKY transcription factor 65,tr|A0A0R4J3W0|A0A0R4J3W0_SOYBN Uncharacterized protein,WRKY family transcription factor,7.260714278253582,7.774817557595988,8.33385593520449,8.458335942933589,7.362540265960184,7.448407296345305,7.900186812977205,7.97300119991156,7.9874902397089675,7.861128415847172,8.543058381636552,8.34825871533314,8.13012185508618,8.08743644656412,8.161621841520878,8.150179210985174,8.562292939356883,8.421721285245912,8.489291113910665,9.017136145936512,0.08661605025906113,0.5925631287885982,-0.42945176818002195,0.6858746134162779,0.9997675573659286,-0.16556933110993544,0.25246830111822527,0.9601999296899631,-0.2658431590331407,0.18484023959895374,0.9444677722236384,-0.36193551719405775,8.036376701822693,8.065516607072173,8.192665860294726,8.28963189742082,8.306745797573027,7.8905312363078774,8.20291494497639,7.991354496888432,8.16580465186879,8.058222812391092,8.006791668383311,7.912609880004862,8.376190185539762,8.113177948004259,8.038608055013295,8.58702933591206,-0.5650285129253975,-0.40557636971356065,0.2901781552426497,0.820771590812945,0.9144180194687671,-1.3630878015526546,0.34626064777169335,-0.8113878269804304,0.1431949301392709,-0.44548765920089295,-0.7269163759268582,-1.2422745378665103,1.2944143303877236,-0.14477583193189275,-0.5528186568720582,2.4481158991471474,8
LotjaGi6g1v0292300.1,LotjaGi6g1v0292300,chr6,61043430,61046627,+,IPR003657 (WRKY domain),"GO:0003677, GO:0003700, GO:0005634, GO:0006351, GO:0006355, GO:0043565",AT1G62300.1 WRKY family transcription factor,sp|Q9C519|WRKY6_ARATH WRKY transcription factor 6,tr|A0A0R0FZB3|A0A0R0FZB3_SOYBN Uncharacterized protein,"WRKY transcription factor, putative",9.812516964887356,10.16282926233659,9.207458628886794,8.880148009715436,9.406318899421976,8.586155999070233,8.921208650217554,9.230995360465235,9.56389825997513,9.633948728477934,8.87048030948156,9.237762676540354,8.904792975641906,8.817322992597136,9.265206040314371,8.800329697679409,8.977285120901222,8.723006062192391,8.937765372912539,8.902303494804213,0.09364045866347542,0.6022677570952024,0.5115580312750685,0.9995672463758474,0.9997675573659286,-2.6707792963901215e-4,0.1545077682154169,0.9114505189488452,0.4028721012975066,0.9419007376114811,0.9965389531629287,-0.024017197506831168,9.284913238532042,8.561984611509498,8.72108086691191,9.347068575505567,9.156371968314655,9.31324684360078,9.192261871316267,9.50504674195789,9.020731778255687,8.886431413628852,9.283388122295229,8.871555659927449,9.10985362222068,9.018604009331595,9.070669207471784,9.010446092321358,0.8182043307643511,-2.1347378660517715,-1.4848783524395555,1.0720898603253828,0.29315258060668653,0.9339384362734846,0.4397518506474805,1.7173823227556486,-0.2608960845553799,-0.80947197286642,0.8119746976824753,-0.8702348741714034,0.10313937325487248,-0.26958736942938427,-0.05691696902350407,-0.3029099637729922,9
LotjaGi6g1v0203800.1,LotjaGi6g1v0203800,chr6,50117636,50122570,-,IPR003657 (WRKY domain),"GO:0003677, GO:0003700, GO:0005634, GO:0006351, GO:0006355, GO:0043565",AT4G30935.1 WRKY DNA-binding protein 32,sp|P59583|WRK32_ARATH Probable WRKY transcription factor 32,tr|K7KWJ7|K7KWJ7_SOYBN WRKY transcription factor,WRKY transcription factor,7.42375349280651,7.446660428487447,7.399211589502136,7.567299425068952,7.19871653145547,7.164409102527193,7.29721960475125,7.0259063195102724,7.175005290084195,7.330694861660802,7.369491936199702,7.461088648939537,7.354446530366605,7.261108916117815,7.467807558975873,7.424309045136092,7.167366934803563,7.307733326185079,7.475169861231255,7.51566565982191,0.11657595353274065,0.65126427949846,0.22125860643660927,0.9366041156858945,0.9997675573659286,0.018573881805792773,0.8703515972319799,0.999450529003821,0.02185674271535571,0.14713694353403575,0.9303336827501278,0.2531334532702646,7.353194246676065,7.347186840438516,7.3195835925845385,7.172695885754865,7.186753301207795,7.285888876255445,7.32770805877009,7.340310197820502,7.442821989717163,7.309585030397544,7.485284347707977,7.514875991957814,7.265457222489993,7.257140011741708,7.281296078407928,7.291853687298823,0.31231646702254007,0.24837367021863893,-0.04543513825221588,-1.6089070293479613,-1.459279981608721,-0.40408150149124095,0.041041632237477046,0.17517872647264518,1.2663136389547034,-0.15185977560369446,1.718282728684352,2.033256016745638,-0.6215559044916649,-0.7100842469780948,-0.4529672148777523,-0.3405920876845926,5
LotjaGi5g1v0066700.1,LotjaGi5g1v0066700,chr5,11065651,11070111,-,"IPR003657 (WRKY domain), IPR018872 (Zn-cluster domain)","GO:0003677, GO:0003700, GO:0005634, GO:0006351, GO:0006355, GO:0043565",AT4G31550.1 WRKY DNA-binding protein 11,sp|Q9SV15|WRK11_ARATH Probable WRKY transcription factor 11,tr|A0A072VCI7|A0A072VCI7_MEDTR WRKY family transcription factor,WRKY family transcription factor,8.354004084599124,8.32196005754076,8.14509689357818,8.234399454690832,8.105351378000398,7.853909444408064,7.631732073290726,7.931125451692803,7.946124016349633,8.085067051019294,7.826263406014951,8.065693040262028,7.889760090056814,8.034503936429038,8.069628991849326,8.044432243503124,8.025753667786631,7.8565465664343845,7.913854214648206,8.239863178050943,0.16990517056740956,0.7323376724641376,0.2764903841539934,0.23078457786228312,0.9997675573659286,-0.3934764239152873,0.5626770098574124,0.9943697401985359,-0.10898485678278035,0.9958746498244233,0.9996856006231591,-0.0011680967090048377,7.998667376768899,7.766652772264183,7.5765789254059035,7.898987201095077,7.890198979835043,8.076901340134953,7.880783302150203,8.099217574492348,7.9065374002417554,8.055495446116124,8.113126173462941,8.131486578684491,8.09991104725677,7.9013894479458315,7.951138525109807,8.26273249480518,0.1395368050790678,-1.2647204999509156,-2.4151333738114658,-0.4637726941459773,-0.5169629833045672,0.6130441292957889,-0.5739509224861122,0.748112071178288,-0.41807547465935035,0.48348597880433375,0.8322932017104854,0.9434186768102575,0.7523092819416233,-0.4492332098929963,-0.14812929802872288,1.7377783114602523,1
LotjaGi1g1v0395200.1,LotjaGi1g1v0395200,chr1,88107428,88110254,-,"IPR003657 (WRKY domain), IPR018872 (Zn-cluster domain)","GO:0003677, GO:0003700, GO:0005634, GO:0006351, GO:0006355, GO:0043565",AT4G31550.1 WRKY DNA-binding protein 11,sp|Q9SV15|WRK11_ARATH Probable WRKY transcription factor 11,tr|A7LHI7|A7LHI7_SOYBN WRKY50,WRKY family transcription factor,7.959538158150917,7.998375560573086,7.0736351786445955,6.675875271191409,7.514505467741001,7.106362267162068,7.3266491287768805,7.531804537377468,7.668186852050841,7.449766507960106,6.899273096444906,6.778569176635946,7.387484646506918,7.265942722690316,7.114496470686165,6.886392051450963,7.209297355997119,6.961597694392519,7.055227038454924,7.505686463021183,0.19731863608818276,0.7638998644318682,-0.34863716335289374,0.229968342344762,0.9997675573659286,-0.517996498767853,0.08034493405314412,0.8081025663481142,-0.4382071540641509,0.5235530538801221,0.9877997858133746,-0.19068508111154275,7.069870442668194,6.788242785518126,7.004792443475539,7.493151554339351,7.190563281416363,7.193130071216395,7.314088298074524,7.103801895453214,7.508511174356997,7.372283777067771,7.256968063180851,7.1870419255923625,7.5152985209198135,7.329062106260807,7.30510453804949,7.698910661920589,-0.8936873545067834,-2.1470721973991522,-1.1833172105346375,0.990126667951104,-0.3565434664972355,-0.3451199597905208,0.1932050389020999,-0.7426753088560288,1.0584847089102862,0.4522042154500549,-0.06100876013551356,-0.3722152725296994,1.0886918177978877,0.2598460229978619,0.15322278445484003,1.9058582737854048,8
LotjaGi3g1v0239000.1,LotjaGi3g1v0239000,chr3,38529538,38533426,+,IPR003657 (WRKY domain),"GO:0003677, GO:0003700, GO:0005634, GO:0006351, GO:0006355, GO:0043565",AT3G58710.2 WRKY DNA-binding protein 69,sp|Q93WV5|WRK69_ARATH Probable WRKY transcription factor 69,tr|I1LUP5|I1LUP5_SOYBN Uncharacterized protein,WRKY family transcription factor,6.355763554488686,6.51786678677035,6.595040770823412,6.252852396122885,6.321805847080846,6.190499412529752,6.436551914234894,6.5384430807737335,6.6097746714183305,6.466126797959055,6.285956923955975,6.314462254374162,6.370265372181766,6.523411735611405,6.338577383077299,6.698734357484028,6.5214506419112075,6.532650253776875,6.442936398478973,6.905946979616179,0.21375813847366945,0.7829414278450716,-0.28381848664991205,0.9704776822493331,0.9997675573659286,0.013617950111684403,0.1499511902598947,0.9044306186451542,-0.3056655172012865,0.6255874768406069,0.9938892627464001,-0.12811168157867014,6.576144735274038,6.469941428171383,6.463557730451735,6.751943485656322,6.524228091720041,6.290854074033274,6.31265115409167,6.3127421584821315,6.445146963508507,6.54201461254589,6.264523848545864,6.600454554316304,6.487185196130634,6.561463505236733,6.321294180529129,6.785279207423401,0.6018435635336377,-0.07592874640079544,-0.11666847162598794,1.723762723875947,0.2705199504975284,-1.2188352434358343,-1.0797298077950703,-1.0791490325101942,-0.23416300526339084,0.3840306464891292,-1.3868704792166424,0.7569848925172863,0.03411818867644952,0.5081503305588395,-1.024571412513848,1.9365059026129856,10
LotjaGi5g1v0176000.1,LotjaGi5g1v0176000,chr5,44936425,44940787,+,"IPR003657 (WRKY domain), IPR018872 (Zn-cluster domain)","GO:0003677, GO:0003700, GO:0005634, GO:0006351, GO:0006355, GO:0016020, GO:0016021, GO:0043565",AT2G30590.1 WRKY DNA-binding protein 21,sp|O04336|WRK21_ARATH Probable WRKY transcription factor 21,tr|A0A0R0KWS7|A0A0R0KWS7_SOYBN Uncharacterized protein,WRKY transcription factor,6.981116882812343,7.045279041143159,7.2146535663076055,7.277803029729377,6.586551385223666,6.4514240284571365,6.824621742177471,6.792179059079781,6.892611238337899,7.3781372479010345,7.367542440789617,7.312673265741265,7.3644481685982335,7.301562920802299,7.367609460303335,7.480704496662522,7.588248553009434,7.323841716550614,7.253069317246055,7.519495720457543,0.345131087469288,0.871282520835507,-0.1642822655754228,0.07572818261283026,0.9092103121931953,-0.5155823800641178,0.4903644658139387,0.9943697401985359,-0.11110877469944958,0.9070911134725143,0.9947522017920506,-0.022991436014148603,6.998334471620592,6.819733966085705,6.987759906188796,6.977774531240104,6.99682150319287,7.309593339043431,7.23882703443881,7.237261574021601,7.347197690592489,7.247249506332385,7.2045081840174205,7.173962577046257,7.351407400531912,7.2241442401650975,7.111275300059269,7.422157819772521,-0.9964290484286416,-2.0610153403730496,-1.0594609943251263,-1.1189809450579988,-1.0054474184689373,0.8588956188342356,0.43707801205861324,0.4277467523527647,1.083044352661677,0.48728194678619896,0.23251320635169562,0.050439620595412245,1.108137223934069,0.34955809455098585,-0.32322122409146925,1.5298601426195384,1
LotjaGi5g1v0176000.2,LotjaGi5g1v0176000,chr5,44937462,44940536,+,NA,"GO:0003677, GO:0003700, GO:0005634, GO:0006351, GO:0006355, GO:0016020, GO:0016021, GO:0043565",AT2G30590.1 WRKY DNA-binding protein 21,sp|O04336|WRK21_ARATH Probable WRKY transcription factor 21,tr|A0A0R0KWS7|A0A0R0KWS7_SOYBN Uncharacterized protein,WRKY transcription factor,6.981116882812343,7.045279041143159,7.2146535663076055,7.277803029729377,6.586551385223666,6.4514240284571365,6.824621742177471,6.792179059079781,6.892611238337899,7.3781372479010345,7.367542440789617,7.312673265741265,7.3644481685982335,7.301562920802299,7.367609460303335,7.480704496662522,7.588248553009434,7.323841716550614,7.253069317246055,7.519495720457543,0.345131087469288,0.871282520835507,-0.1642822655754228,0.07572818261283026,0.9092103121931953,-0.5155823800641178,0.4903644658139387,0.9943697401985359,-0.11110877469944958,0.9070911134725143,0.9947522017920506,-0.022991436014148603,6.998334471620592,6.819733966085705,6.987759906188796,6.977774531240104,6.99682150319287,7.309593339043431,7.23882703443881,7.237261574021601,7.347197690592489,7.247249506332385,7.2045081840174205,7.173962577046257,7.351407400531912,7.2241442401650975,7.111275300059269,7.422157819772521,-0.9964290484286416,-2.0610153403730496,-1.0594609943251263,-1.1189809450579988,-1.0054474184689373,0.8588956188342356,0.43707801205861324,0.4277467523527647,1.083044352661677,0.48728194678619896,0.23251320635169562,0.050439620595412245,1.108137223934069,0.34955809455098585,-0.32322122409146925,1.5298601426195384,1
LotjaGi3g1v0201800.1,LotjaGi3g1v0201800,chr3,29432038,29435978,-,IPR003657 (WRKY domain),"GO:0003677, GO:0003700, GO:0005634, GO:0006351, GO:0006355, GO:0043565",AT2G38470.1 WRKY DNA-binding protein 33,sp|Q6IEQ7|WRK24_ORYSJ WRKY transcription factor WRKY24,tr|V7APT3|V7APT3_PHAVU Uncharacterized protein,WRKY transcription factor,7.228141078993807,8.01298796944506,7.336335207711283,7.410070161334494,7.370460279833948,6.373555053505245,6.950256062422305,7.311338377820402,7.557899515080682,7.841535377368952,7.467742857026463,7.4644822115083285,7.196312077176398,7.307285658410646,7.320643725791726,6.984755489216657,7.243735575237349,7.131339066016702,7.443159994523747,7.2578565772351595,0.4154910413289309,0.9044979229705327,0.297689442307814,0.8016241942538951,0.9997675573659286,-0.1489676438210256,0.20648725276408866,0.9381443861059707,0.4280079407144185,0.9246001540512139,0.9964721212959871,-0.037942815487536766,7.5309321964262255,6.578170358036584,6.926850238450284,7.49998924530414,7.421168497484232,7.657508897061608,7.5433462911501525,7.489236529645073,7.289929216506855,7.34717675007154,7.287863268352846,6.9710604992858745,7.282174573571334,7.199734930128898,7.349045424223086,7.15018358648758,0.9032329352931834,-2.5645668748074186,-1.2954648029525664,0.790608819064425,0.503722250660454,1.3639384765315283,0.9484169399327559,0.7514717925609248,0.02604615647482001,0.2344119600001654,0.01852665440465116,-1.1345512063403367,-0.0021786823208333537,-0.3022370687457587,0.24121343714457366,-0.4825907869005779,9
LotjaGi4g1v0287800.1,LotjaGi4g1v0287800,chr4,66019253,66023400,+,IPR003657 (WRKY domain),"GO:0003677, GO:0003700, GO:0005634, GO:0006351, GO:0006355, GO:0043565",AT4G30935.1 WRKY DNA-binding protein 32,sp|P59583|WRK32_ARATH Probable WRKY transcription factor 32,tr|V7CC73|V7CC73_PHAVU Uncharacterized protein,WRKY transcription factor,5.4644532080722,5.746093904811277,5.646419134381519,5.872215404401323,5.708651489628126,5.754998286413887,6.038628180710677,6.086305205529633,6.087314945576958,5.945797888367464,6.027181671300798,6.042254546397485,5.859391784580072,5.959619962873923,6.155805200545389,5.893443230879828,5.707078664594963,5.885010763818831,5.953872590532235,5.960646741192709,0.45142115671418154,0.9182639938090275,-0.16137578646330225,0.08099415237032273,0.9182379748738153,0.5916503701682204,0.08216911268936025,0.8099318138776141,0.33829449121846,0.1977653814969512,0.947764505510882,0.3325383135830475,5.9831268685200305,6.0422174714073,6.107561052361972,6.2832829925268054,6.116776148663253,5.868728160481079,5.959517457825872,5.9241292368335134,5.93355463671188,5.984385709901816,6.112727322522689,5.863188791985977,5.711134962190439,5.81913988654389,5.743642402386063,5.739848486952719,0.21170916515176672,0.5843998492220256,0.9965287275151906,2.104825595142754,1.0546493148249811,-0.5098155895901783,0.06280211407821595,-0.16039513971919225,-0.10094814549905304,0.2196488109294321,1.0291129399992398,-0.5447529727422036,-1.503772564234829,-0.8225740796460669,-1.2987446997029168,-1.3226733257292058,2
LotjaGi4g1v0430300.1,LotjaGi4g1v0430300,chr4,80445623,80447933,+,IPR003657 (WRKY domain),"GO:0003677, GO:0003700, GO:0005634, GO:0006351, GO:0006355, GO:0043565",AT4G23550.1 WRKY family transcription factor,sp|Q9SUS1|WRK29_ARATH Probable WRKY transcription factor 29,tr|A0A0L9VPZ7|A0A0L9VPZ7_PHAAN Uncharacterized protein,WRKY family transcription factor,5.356666799071063,6.371612888976863,6.7272875245879336,6.639729698113892,6.292386004761174,6.315642825693082,6.446907786270251,6.552766804257785,6.460145063361257,6.663379047120703,7.119739506016852,6.872565480027368,6.926657909994072,6.838145080822626,6.849052349657325,7.038541139360103,7.242543090620405,6.35458190295676,6.797411009158983,6.863230147284833,0.45858076931848674,0.9217867972134859,-0.2415247199989059,0.32314875472199545,0.9997675573659286,0.5218470656296208,0.3781086574861486,0.9943697401985359,0.26453415089581783,0.6276431185228493,0.9938892627464001,0.1715314344380141,7.018142955700643,6.933133691366785,6.783990855378254,6.818193278934175,6.7542905657246575,6.641514423314907,6.812188368223266,6.68756349846772,6.848200268815178,6.715205977686619,6.555875752746366,6.4664548583681345,6.7740431118004825,6.106642275975934,6.547183045149891,6.70297251174645,1.5109375086331056,1.1099184744277315,0.4063584975776557,0.5677035341375818,0.2662516331572178,-0.2657536731462418,0.5393762275475491,-0.048523753695250464,0.7092572129722962,0.08187568460443738,-0.6697418411552433,-1.0915721085071364,0.3594314414110058,-2.78893645363525,-0.7107484447564413,0.0241660604269573,2
LotjaGi3g1v0004200.1,LotjaGi3g1v0004200,chr3,536510,539025,-,IPR003657 (WRKY domain),"GO:0003677, GO:0003700, GO:0005634, GO:0006351, GO:0006355, GO:0043565",AT1G80840.1 WRKY DNA-binding protein 40,sp|Q9SAH7|WRK40_ARATH Probable WRKY transcription factor 40,tr|I3SYD9|I3SYD9_LOTJA Uncharacterized protein,WRKY transcription factor,8.97420861227415,9.94690284141182,9.621684186773146,9.435075319464705,8.948838134907945,8.06006390828992,8.890160384788205,9.371970106112274,9.497597041263992,9.572698283975736,9.372448767217394,9.558205832867387,9.291975863822552,9.373258433249054,9.5681635948315,9.61751746979222,9.523151058408525,9.374669091690134,9.360310597958344,9.669109096236545,0.46009595613736265,0.9226889441346738,0.28648645320258886,0.9443119777604613,0.9997675573659286,0.04373654431093674,0.690445212897272,0.9962687944457931,0.143197263754172,0.9354857896048282,0.9965389531629287,0.033596556715085005,9.601410433519309,8.709984024266612,9.054204321211136,9.792288765473401,9.469747728999737,9.292837353808872,9.305418907690292,9.498293003741376,9.373304533388414,9.35323476957161,9.34269226973865,9.245328721046269,9.288979150894255,9.333587593836345,9.094215769697467,9.440136678561295,1.1446443903096981,-2.54322953607246,-1.1191736130519203,1.9343172295011468,0.5999494496676095,-0.13193728063446397,-0.07988678714329871,0.7180426240995355,0.20095931118815782,0.11792973306439074,0.07431490423577794,-0.3284827792024844,-0.1478988516445021,0.03664842215744179,-0.9536443263963659,0.4774471099217371,9
LotjaGi6g1v0233400.1,LotjaGi6g1v0233400,chr6,54250802,54253690,-,"IPR003657 (WRKY domain), IPR018872 (Zn-cluster domain)","GO:0003677, GO:0003700, GO:0005634, GO:0006351, GO:0006355, GO:0043565",AT4G31550.1 WRKY DNA-binding protein 11,sp|Q9SV15|WRK11_ARATH Probable WRKY transcription factor 11,tr|A0A1J7HD76|A0A1J7HD76_LUPAN Uncharacterized protein,WRKY family transcription factor,7.843417804380247,7.981065860840894,7.316531557486784,7.408217455950674,7.333127420724851,7.083037470601388,7.311037241064659,7.411154583434573,7.264647275575742,7.566000314541078,7.375141270197071,7.350595736652561,7.550281972392259,7.411634053539209,7.617519186215036,7.461224219253718,7.346259236971956,7.1802858519722514,7.302743080505003,7.781701277673915,0.4766635269315292,0.9273096637621514,0.17511373191876153,0.7033811479228481,0.9997675573659286,-0.15167141556755276,0.562053503032599,0.9943697401985359,-0.13332067197600744,0.38314956060196487,0.9743688324109769,0.24022590752450768,7.360197742001207,7.171295631693895,7.229651932134549,7.545606086335791,7.081781253219456,7.393010824589197,7.50169608514171,7.407288527694685,7.65355323736749,7.471182573322575,7.63699080141066,7.54728438656031,7.464379053112241,7.289563304260459,7.256834905840342,7.707225787830019,-0.3307174871541706,-1.378071289308607,-1.0545190905176363,0.6972653875425455,-1.8743771510598293,-0.14878777364789764,0.45380962821613846,-0.0696261030385157,1.2957703956700948,0.28462971503854567,1.2039411924700603,0.7065705992124793,0.2469080996011341,-0.7223449115935343,-0.9038050999840715,1.5933538885532887,6
LotjaGi1g1v0215700.1,LotjaGi1g1v0215700,chr1,47535516,47542484,+,IPR003657 (WRKY domain),"GO:0003677, GO:0003700, GO:0005634, GO:0006351, GO:0006355, GO:0043565",AT5G15130.1 WRKY DNA-binding protein 72,sp|Q9LXG8|WRK72_ARATH Probable WRKY transcription factor 72,tr|A0A151S7G6|A0A151S7G6_CAJCA Putative WRKY transcription factor 72,WRKY family transcription factor,5.796647060167603,6.403971413864188,6.410298198407654,6.158610335138403,6.065573713524863,5.740243170697987,5.560798627865316,6.138535094666457,6.10996200072023,6.5993662393440715,6.510162165767907,6.276772507425442,6.1929805153126605,6.21489259785988,6.501730812238028,6.283462516131609,6.73612051355897,6.002946735842891,6.535512690509179,6.589199429111862,0.48284200229990787,0.9299472249805969,-0.23577914042285367,0.5239642961727382,0.9997675573659286,-0.3498255601686009,0.8478927961790114,0.9990301652970783,-0.059463429770546694,0.4014995089679263,0.9743688324109769,-0.31123826461729054,6.412103097020844,6.053566347776292,5.685811727033851,6.303506072963429,6.156962204164386,6.504021894041401,6.434601284631694,6.256224287059287,6.177490036202494,6.1652262897171175,6.349189678724169,5.992375690657175,6.516384653208895,5.952648173108533,6.447995406742251,6.544661170084881,0.6864379772108535,-0.8046595203742196,-2.334092684114922,0.2348001711606039,-0.37465254606600684,1.0687136811858913,0.7800043726150141,0.03816271965369905,-0.2892805471081207,-0.3402835244427811,0.4247910448270596,-1.0591417621476225,1.1201284365679807,-1.2243622092199602,0.8357084029647123,1.2377259872877968,1
LotjaGi6g1v0155700.1,LotjaGi6g1v0155700,chr6,43476889,43480683,-,IPR003657 (WRKY domain),"GO:0003677, GO:0003700, GO:0005634, GO:0006351, GO:0006355, GO:0043565",AT1G62300.1 WRKY family transcription factor,sp|Q9C519|WRKY6_ARATH WRKY transcription factor 6,tr|K7LA71|K7LA71_SOYBN Uncharacterized protein,WRKY transcription factor,6.059235526753852,5.675064134108671,5.467602107419477,5.260446731272314,5.977901394169726,5.299547551022774,5.060144802038108,5.5151967689344366,5.611537708763533,5.87780013592653,5.490820737897247,5.840210653125685,5.728783908487478,5.4492889782963845,5.598505409762759,5.3482244843000055,5.384014485401436,5.735144847977455,5.320023435976563,5.456498052308857,0.5138539569887624,0.9422725617642874,-0.2140977084597,0.022381037913181395,0.6734594189563239,-1.219810737921482,0.6037415709902357,0.994838962831871,0.15596139622926547,0.8530904932725796,0.9947522017920506,-0.07045982099158503,5.333781840565144,4.694180757679055,4.838238783193752,5.171825380585524,5.498801358524304,6.02786070276302,5.660880417159608,5.977017685880346,5.700407554129727,5.496783891614837,5.819840820196477,5.733834165141494,5.660870061407138,5.870773428672115,5.598509322152305,5.68839199529875,-0.570061123480075,-2.2701358936981673,-1.8872262627140235,-1.0005452156000763,-0.13143535097511563,1.2748168695961823,0.29937461126450926,1.1396749310397716,0.4044386740059769,-0.13679782562424878,0.7218951133362833,0.4932873948032805,0.2993470854300922,0.8572751884607811,0.13359076903846942,0.37250103511637367,1
LotjaGi1g1v0481400.1,LotjaGi1g1v0481400,chr1,99467641,99469779,+,IPR003657 (WRKY domain),"GO:0003677, GO:0003700, GO:0005634, GO:0006351, GO:0006355, GO:0043565",AT4G01250.1 WRKY family transcription factor,sp|O04609|WRK22_ARATH WRKY transcription factor 22,tr|A0A0R4J5X0|A0A0R4J5X0_SOYBN Uncharacterized protein,WRKY family transcription factor,5.87957639940809,6.2193528014518815,6.394257392946576,6.204762959842687,6.107604232493583,6.170236259977685,6.124233227155422,6.2442276613778676,6.305487154890158,6.570202198248396,6.487534348872243,6.590287365128012,6.504449246855518,6.396825858932734,6.765999350556262,6.703522435961462,6.417063868496753,6.181758471941484,6.430987489303524,6.574118886917913,0.518358346041514,0.9423848962859505,-0.13008055845376684,0.3102917436813052,0.9997675573659286,0.3294608522364928,0.11327944581928676,0.861223289927884,0.29196219592641176,0.047050499913177196,0.7537065703384432,0.46723443560571115,6.5108067679923325,6.563155296957396,6.249854179738544,6.483696404958401,6.362854099865453,6.465939720909924,6.3869914200019275,6.481667225727373,6.5509462190271455,6.387563488079998,6.649542265682339,6.52073727609971,6.298171628024083,6.0968786838152536,6.217687449559455,6.376472791329817,0.6778885640413788,1.0395471543367503,-1.1249461491323,0.490592075083859,-0.3442672528091194,0.36791704584706175,-0.17751052923640293,0.476573150108141,0.9551986922050354,-0.173558300993161,1.6363660133691444,0.7464951444751426,-0.791136955653723,-2.1818030140553972,-1.3471753983771997,-0.25018023920924076,5
LotjaGi1g1v0694700.2,LotjaGi1g1v0694700,chr1,126264544,126273576,+,IPR003657 (WRKY domain),"GO:0003677, GO:0003700, GO:0005634, GO:0006351, GO:0006355, GO:0043565",AT2G37260.1 WRKY family transcription factor family protein,sp|Q9ZUU0|WRK44_ARATH WRKY transcription factor 44,tr|I1NA43|I1NA43_SOYBN WRKY transcription factor,WRKY transcription factor,4.7665285702590054,5.01574270771877,5.014774000552736,5.105025314806071,4.633626592540768,5.249914628507236,5.0733611302812776,4.807389966808872,4.974612375741588,5.3857057203953165,5.300365805482223,5.038057636543468,4.906781439690634,5.299660088844045,5.218553777017112,4.936857683805646,5.52631035871044,5.1179170546531365,5.123957961898399,5.067070282300863,0.5352292509197649,0.9433271054579082,-0.18819568257240915,0.967920442566487,0.9997675573659286,0.019753708861290128,0.8755622326109984,0.9995232812985415,0.04335024248773059,0.43629885174812594,0.9793892763139365,-0.27150138347921576,4.863842884654844,5.4357032659002416,5.176635389810717,4.878060957482715,5.022649102363464,5.33484424674798,5.244316257223483,5.06677356109144,4.849588105306441,5.232878107810286,5.079476272105292,4.6442609366148195,5.289372254733913,5.088338503793578,5.13294579099602,5.127254267073279,-1.1101080979113567,1.6761649260340683,0.4139095605774378,-1.0408334391449723,-0.3363572053023862,1.1847499347147976,0.7436707772903921,-0.1213697834036888,-1.1795616017093504,0.687940728140212,-0.05947841587829904,-2.1799763357439783,0.9631969318333363,-0.016299000246724503,0.20104090487640433,0.17331011587413375,7
LotjaGi3g1v0393500.1,LotjaGi3g1v0393500,chr3,79260517,79263759,-,IPR003657 (WRKY domain),"GO:0003677, GO:0003700, GO:0005634, GO:0006351, GO:0006355, GO:0043565",AT2G46400.1 WRKY DNA-binding protein 46,sp|Q9SKD9|WRK46_ARATH Probable WRKY transcription factor 46,tr|B3IX40|B3IX40_LOTJA Transcription factor WRKY,Transcription factor WRKY,8.776802506480724,9.268841639116856,8.321689501231983,7.3818216240484915,8.80223015314341,7.240925841864998,7.435681185891255,8.452871106575634,8.93686796871689,8.592355753681982,7.383555355780711,8.18196975038216,7.659789623681224,7.682811125459304,8.200728456198021,7.350719757734186,8.097447438262007,7.374959996201841,7.400352296952839,8.050932703041282,0.5460049163083687,0.9462307812316996,0.3502063426018509,0.8711091594532392,0.9997675573659286,-0.1517290833591671,0.5072692703022337,0.9943697401985359,0.35641002748291534,0.6284410325185994,0.9938892627464001,-0.3014067109932577,8.3500042474229,6.919157208711751,7.085676220105727,8.42329504048662,8.36265850050774,8.24868288144618,7.878669413344683,8.621931707403018,7.7682292300773295,7.7729750836852185,8.300741125441872,7.554992733897846,8.337944065444573,7.826406115281532,7.74488635742549,8.356555609555812,0.7695133431337625,-2.1436882004887625,-1.8046558455891162,0.9187332427527108,0.7952773756423325,0.5632232563672556,-0.19012338186275216,1.3231570763458016,-0.41497936134062535,-0.4053168134356009,0.6692137310046657,-0.8491284164250064,0.7449588381411958,-0.29653134614768345,-0.4625054006740652,0.7828519025758822,1
LotjaGi4g1v0029000.1,LotjaGi4g1v0029000,chr4,3586209,3592166,-,IPR003657 (WRKY domain),"GO:0003677, GO:0003700, GO:0005634, GO:0006351, GO:0006355, GO:0043565",AT1G68150.1 WRKY DNA-binding protein 9,sp|Q9C9F0|WRKY9_ARATH Probable WRKY transcription factor 9,tr|A0A0B2S4P3|A0A0B2S4P3_GLYSO Putative WRKY transcription factor 9,WRKY family transcription factor,6.592962003750744,6.681064032310396,7.11746378670322,7.362831116811019,6.695411706188044,6.825028683474147,6.814632748269143,6.96537767471561,6.788009699446292,6.9685442402752376,7.580558077856206,7.289887656988595,6.904690639143981,7.428822770210692,7.207395439043876,7.521814893891923,7.285796156924023,7.040742143280948,7.573773683576834,7.416538426846789,0.5708938098138177,0.9506457799557201,-0.13065547295844343,0.6765884527069256,0.9997675573659286,0.15815368961375081,0.8313695709620849,0.9986919187585789,0.045552388542148936,0.533934664211937,0.9877997858133746,0.16064479087897368,7.218242184351421,7.2871059327955425,7.059356089396955,7.181083054294729,7.059291808606377,7.0110021437825365,7.303081779576958,7.030468458449181,6.89959789412194,7.383481796530268,7.065065798617541,7.277043909744883,7.083169996560844,6.794370359541079,7.262244306917747,7.135330806110601,0.5703031522935558,1.0060855024517223,-0.435157012613018,0.3351534052669575,-0.4355637931705798,-0.7411495926766767,1.1071835723864625,-0.617963205847442,-1.4461359872830584,1.6159695320862912,-0.39902493210500384,0.9424111868439953,-0.28445826813864494,-2.1120350031957167,0.8487566030153213,0.04562484068587938,5
LotjaGi1g1v0111800.1,LotjaGi1g1v0111800,chr1,17413050,17418026,+,IPR003657 (WRKY domain),"GO:0003677, GO:0003700, GO:0005634, GO:0006351, GO:0006355, GO:0043565",AT2G38470.1 WRKY DNA-binding protein 33,sp|Q6IEQ7|WRK24_ORYSJ WRKY transcription factor WRKY24,tr|A0A151U0U5|A0A151U0U5_CAJCA Putative WRKY transcription factor 33,WRKY transcription factor,9.97507017655907,10.331753099931108,10.092701605814904,9.96197238997752,9.977392160828062,9.176944378599702,9.613995444760832,9.87979247753085,10.165007436720636,10.191542005553833,9.991342893761951,10.147282881076793,9.661081566822945,9.761216142967161,10.010793760937904,9.870678793076552,10.125314581072605,9.777140321605337,9.992688183183514,10.175517841199635,0.6936800145234545,0.9540958872521362,0.10653006178118209,0.7301876333645791,0.9997675573659286,-0.15067619319776376,0.5547995721478032,0.9943697401985359,0.1480314289181846,0.3243785075239142,0.9661652618674952,-0.28615009782529494,10.237140273959573,9.458083047883367,9.642577918995286,10.091337743171572,10.069091772678902,10.003901794729389,10.027302119924961,10.16874358948011,9.726172005768412,9.771011700351062,9.921543422434386,9.73672209463096,10.062539717817215,9.817812470591539,9.894110804175257,10.08499999884513,1.497124795576236,-2.175571324931204,-1.3058103180292728,0.8097704251119541,0.7048966279239706,0.3975726328472292,0.5078883846145894,1.1746834788985263,-0.9117241483452662,-0.7003371451492645,0.009311970735641478,-0.8619880453485167,0.6740083880534907,-0.4797050766108925,-0.12001315106973309,0.7798925057224867,7
LotjaGi2g1v0299300.1,LotjaGi2g1v0299300,chr2,77357236,77379178,+,IPR003657 (WRKY domain),"GO:0003677, GO:0003700, GO:0005634, GO:0006351, GO:0006355, GO:0043565",AT1G13960.1 WRKY DNA-binding protein 4,sp|Q9XI90|WRKY4_ARATH Probable WRKY transcription factor 4,tr|I1J5V4|I1J5V4_SOYBN Uncharacterized protein,"WRKY transcription factor, putative",7.7042332485828515,7.66517501919834,7.605316244045551,7.485520038617813,7.566036756563866,7.76679173061667,7.645283359304911,7.346094362352995,7.752689915946391,7.55236760470237,7.439096909316157,7.559348721235855,7.434864179634284,7.380028309085999,7.430936599659922,7.426170201611567,7.539082859028144,7.347223195096496,7.631696339604738,7.760833381966778,0.6200643072607583,0.9540958872521362,-0.0836118437588694,0.8651891657136195,0.9997675573659286,-0.04636604749765307,0.679805942492805,0.9962687944457931,-0.06476350151818837,0.44900639980062595,0.982184760237796,-0.14991897591009043,7.528140633326156,7.777574031272772,7.571613561464481,7.412529335411554,7.633926971249854,7.4628700676766115,7.525772440353578,7.579349861275378,7.51417645234888,7.434561110127791,7.479753147153337,7.557611473617423,7.674885507807414,7.41644471320443,7.593750896154719,7.69137197694841,-0.24266734983219818,2.15404756338568,0.175048224938881,-1.3535343152403458,0.7737951439782546,-0.8698285053720374,-0.2654224558503916,0.24938351958081423,-0.37684409229983,-1.1418389951198102,-0.7076051275244125,0.040507249129325254,1.1673508434122692,-1.3159128723047977,0.3877578325045211,1.3257633366141208,4
LotjaGi3g1v0330600.1,LotjaGi3g1v0330600,chr3,69853846,69861784,-,IPR003657 (WRKY domain),"GO:0003677, GO:0003700, GO:0005634, GO:0006351, GO:0006355, GO:0043565",AT5G56270.1 WRKY DNA-binding protein 2,sp|Q9FG77|WRKY2_ARATH Probable WRKY transcription factor 2,tr|K7KYM6|K7KYM6_SOYBN Uncharacterized protein,WRKY family transcription factor,6.251438007082796,5.842297792663037,5.523168699195328,5.375546151184375,6.285010035150227,6.363713197755493,6.007866565999818,6.014684828067664,5.730486196950925,5.6566221736520514,4.977347260928006,5.133257831134802,5.385934371032891,5.629658110043743,5.533192481180656,5.466501937525227,5.509798715994832,5.426823088339736,5.159363811395951,5.313315144136717,0.6233064377972279,0.9540958872521362,0.12029955407201323,0.3732894881173462,0.9997675573659286,0.32516880277343274,0.2035367851617048,0.9375988925851608,-0.2970374226695547,0.6626924854634955,0.9938892627464001,-0.12824704922905691,5.8464042470544975,5.97028452160776,5.793121067541669,5.82828208240649,5.446500771470456,5.567266812903068,5.2593613120244695,5.440369110014321,5.365238609205424,5.644520844684938,5.609412752689073,5.569835265207675,5.601845495587462,5.688922378359641,5.504870552379386,5.653555519384563,1.2488675596752636,1.9084929832846211,0.9651505596593233,1.1523724511862952,-0.8804988825306929,-0.23745581917873365,-1.8769605521245134,-0.9131481465076894,-1.3131956003962777,0.17389880223629423,-0.013041290836651185,-0.22377957858630146,-0.05333467240374595,0.4103236936461746,-0.5696972508997875,0.22200574377645418,3
LotjaGi6g1v0149300.1,LotjaGi6g1v0149300,chr6,42493914,42502150,-,IPR003657 (WRKY domain),"GO:0003677, GO:0003700, GO:0005634, GO:0006351, GO:0006355, GO:0043565",AT4G26640.2 WRKY family transcription factor family protein,sp|Q93WV0|WRK20_ARATH Probable WRKY transcription factor 20,tr|A0A151S523|A0A151S523_CAJCA Putative WRKY transcription factor 20,WRKY family transcription factor,5.100948841599654,5.033178115692673,5.254702262047155,5.147533005909622,5.2290409054045774,5.000878405300152,5.652613662470268,5.091626987914192,4.886613502037029,5.280526798319834,5.0347997016778505,5.185621611238415,5.1637311439744185,5.439965699885393,5.76849492822491,5.111444003246022,5.428450272301084,5.299678789661321,5.466511152171611,5.1246705726855035,0.6814489314035808,0.9540958872521362,-0.11569138254604261,0.07944620297965153,0.9133083690714745,0.7845373033231642,0.34173613373515305,0.9930382313505282,-0.2527481330172394,0.29460933105643394,0.9624967754746219,0.3485108133467589,5.638216089773026,5.426897763298047,5.740997042427689,5.386672394695431,4.8645816544175755,5.103480572432459,4.989808950382993,5.100927877599282,5.255506198164626,5.457584511610366,5.663481892545025,4.971901469647152,5.365243146575163,5.262377570717035,5.233851448074008,4.89435173588323,1.3361138863930837,0.5646227906208925,1.711351524844874,0.41776608292901457,-1.4883078673450956,-0.616124223301727,-1.0311220406516044,-0.6254437242029097,-0.06110176719000171,0.6766554452234246,1.4283554926526416,-1.0964995314062878,0.3395311546591416,-0.036015430248254376,-0.14015996888393706,-1.3796218240932585,3
LotjaGi4g1v0247200.1,LotjaGi4g1v0247200,chr4,59860168,59864886,+,IPR003657 (WRKY domain),"GO:0003677, GO:0003700, GO:0005634, GO:0006351, GO:0006355, GO:0043565",AT1G18860.1 WRKY DNA-binding protein 61,sp|Q9LXG8|WRK72_ARATH Probable WRKY transcription factor 72,tr|A0A151SL41|A0A151SL41_CAJCA Putative WRKY transcription factor 72,WRKY family transcription factor,6.31461147621985,6.979033118895282,7.293699194315415,7.396877756863546,6.553931293924986,6.27198331302057,7.119258840936446,7.2358907234714485,7.089870376740624,7.586034265022447,7.603006542360398,7.524996185036916,7.293222604923123,7.454862897290965,7.250214259274349,7.358921625351441,7.7008321403197995,7.211148354402773,7.433061828528423,7.53428413619561,0.7079673658606203,0.9562605771426065,-0.10524173366588922,0.2226904196681981,0.9997675573659286,0.5584457372004007,0.18411265264728593,0.9241405703236364,0.344342392281431,0.9265441186650119,0.9964721212959871,0.028312343529956076,7.4515073494739275,7.097968337487937,7.456022789713214,7.680094558301726,7.308353129906378,7.431901027865731,7.321195354756136,7.305429470460979,7.3060512130199005,7.373548720483036,6.938597439031413,6.804065000040911,7.286630146413581,6.9820246429187725,7.044838126196431,7.2174479893611645,0.8899531414679827,-0.6741980864705053,0.9099306578254776,1.9012841438672348,0.2566005531261034,0.8032095262540759,0.31341799359857475,0.24366550110480906,0.2464162566198397,0.5450432980549016,-1.379297603262476,-1.9745051263657303,0.16049225912517892,-1.1871640282299118,-0.9092603636585578,-0.14558812305696991,2
LotjaGi1g1v0759200.1,LotjaGi1g1v0759200,chr1,133246781,133249194,-,IPR003657 (WRKY domain),"GO:0003677, GO:0003700, GO:0005634, GO:0006351, GO:0006355, GO:0043565",AT2G34830.1 WRKY DNA-binding protein 35,sp|O64747|WRK35_ARATH Probable WRKY transcription factor 35,tr|I3SFN8|I3SFN8_LOTJA Uncharacterized protein,WRKY family transcription factor,7.141033542026571,7.78678044118766,8.60156206017287,8.49222214499122,7.251681852298136,7.772267022431275,8.105977100377059,8.28395209344159,7.859893975267203,8.274172135368525,8.733685298996251,8.596732778048295,8.584729529229207,8.632054899064316,8.636029456619442,8.846876050862075,8.522327978707997,8.460495578039875,8.495526447876628,8.920460284504577,0.7192111609276113,0.9571808056984461,-0.09296700371510765,0.06898130763280085,0.8969898868281422,0.7640883508226725,0.4757796860728723,0.9943697401985359,0.17103968218750149,0.04662838505324065,0.7509980564348375,0.5565963840903868,8.27152365268425,8.702787480527435,8.531565875430495,8.763508957567726,8.262051910998462,8.24218697754921,8.287839944969738,8.171212470232183,8.61380813885494,8.562742407836428,8.34985272554946,8.366875170109042,8.151691275994501,8.069031732338544,7.9157638496163685,8.395046920764104,-0.35239864373730306,1.4994086439732672,0.7641987894447128,1.7601410922894456,-0.3930694330515226,-0.4783676337264624,-0.28233798246230035,-0.7831256528458599,1.117339518934733,0.8980679576603325,-0.016060795286557565,0.0570320190302121,-0.866947868900799,-1.2218803613995441,-1.8799985801621357,0.17799893023978916,5
LotjaGi1g1v0020300.1,LotjaGi1g1v0020300,chr1,2496755,2502707,-,IPR003657 (WRKY domain),"GO:0003677, GO:0003700, GO:0005634, GO:0006351, GO:0006355, GO:0043565",AT4G26640.2 WRKY family transcription factor family protein,sp|Q93WV0|WRK20_ARATH Probable WRKY transcription factor 20,tr|I1JJG7|I1JJG7_SOYBN Uncharacterized protein,WRKY family transcription factor,6.973787995291311,6.52970727961198,6.628083970064817,6.723618654640871,6.845346408783352,6.8439419102044425,6.733433530837076,6.635123672352049,6.565474953320439,6.589882979046175,6.517475041022504,6.710244757231466,6.809883304496348,6.741839383238207,6.586566862026835,6.814706485445255,6.594687058527452,6.500903593594215,6.753895032346526,6.63566138988399,0.7352834770121907,0.9589009991124999,0.0640014463724316,0.9010352403612709,0.9997675573659286,-0.03798805840578287,0.6537535659387337,0.9960016072428073,-0.0800369628782382,0.2977821300432999,0.9624967754746219,0.23648828988959777,6.692474786976943,6.7063091144793,6.678567199052393,6.563115760588501,6.547677120009838,6.63478398097987,6.548139885689254,6.713824565111951,6.818667517673231,6.7654434165832,6.656714418813395,6.949982063786292,6.697048349791868,6.519964213710957,6.787017677312301,6.648430611643389,0.0839276426838986,0.20660211267161924,-0.03939645652953132,-1.0631501605288767,-1.2000507109890128,-0.4276396198122064,-1.195947184132268,0.2732445947815924,1.2029286459370678,0.7309694277762994,-0.23317372782230558,2.3673468182951707,0.12448323847855446,-1.4457920447441481,0.9222769560871936,-0.3066295321530788,6
LotjaGi1g1v0626900.1,LotjaGi1g1v0626900,chr1,117574922,117578706,-,IPR003657 (WRKY domain),"GO:0003677, GO:0003700, GO:0005634, GO:0006351, GO:0006355, GO:0043565",AT5G13080.1 WRKY DNA-binding protein 75,sp|Q9FYA2|WRK75_ARATH Probable WRKY transcription factor 75,tr|I3SNS6|I3SNS6_LOTJA Uncharacterized protein,WRKY family transcription factor,5.742309345441028,6.310401328400304,6.503776881525695,6.181006716619527,6.0767624076345355,4.861758823383348,5.472581440210974,6.096834050013891,6.209362298699255,6.409990968083804,6.159910800139737,6.609886380095573,5.996807200706882,5.936005159646378,6.357934851361664,6.112477287573811,6.627603609576394,6.062551861498981,6.3557552722573565,6.677981102282628,0.7723463110088762,0.9636087771606171,-0.13152261002629087,0.6497322575422027,0.9997675573659286,-0.33630091940020135,0.9631584776221136,0.9999468772632418,0.019459243094246886,0.42516542752972536,0.9776535855447196,-0.3974134738586442,6.598631964094002,5.371446709723197,5.62953938334596,6.41020010461784,6.263665967648271,6.2565055248821375,6.04602597503372,6.491842743938608,6.055322171467125,5.921185320208576,6.198603269573419,5.856907849955186,6.461209289521208,5.9696054207080245,6.097286935076257,6.443129955482899,1.4108747207938368,-2.2793429385781523,-1.503243210713049,0.8442491253911676,0.40361242606643216,0.38208055689639625,-0.2508437298165589,1.0897533052256163,-0.22288952475961124,-0.6262468626381896,0.20796509690641202,-0.819532965925367,0.9976367204996907,-0.48064479539102006,-0.09669903217486547,0.9432711082172482,7
LotjaGi1g1v0008300.1,LotjaGi1g1v0008300,chr1,1089072,1096825,+,IPR003657 (WRKY domain),"GO:0003677, GO:0003700, GO:0005634, GO:0006351, GO:0006355, GO:0043565",AT2G04880.2 zinc-dependent activator protein-1,sp|Q9SI37|WRKY1_ARATH WRKY transcription factor 1,tr|A0A0B2SJM8|A0A0B2SJM8_GLYSO WRKY transcription factor 1,WRKY family transcription factor,5.586821843977802,5.653080577284085,5.353027506321061,5.4242319789025055,5.485812308240307,5.2123340052108285,5.43350870039919,5.264284691352248,5.46264322805103,5.590488203793629,5.354536130210414,5.341764472167634,5.537476662086898,5.552492831767119,5.2866097916122055,5.205370812229522,5.373945514340954,5.326974673609243,5.498467421632935,5.56695238954383,0.7955817931043977,0.9660004687821984,-0.05781833492960454,0.5243211333351497,0.9997675573659286,-0.2282126077855864,0.7057348593642335,0.9962687944457931,-0.07918314160921258,0.647249628724022,0.9938892627464001,0.12943301908981159,5.359803316183517,5.141023738023015,5.331160974661911,5.284265232253247,5.337553269095853,5.530151516550783,5.456614522435169,5.3666661716188955,5.61644952699331,5.61689728896689,5.372216375401515,5.404856285091328,5.559171630592186,5.405995296157755,5.485867653060248,5.513465677897768,-0.5033120367659847,-2.2216588764624596,-0.7282757991471878,-1.0966061133414549,-0.6780691983696899,0.8346432432022763,0.25706620195466684,-0.44940953796865685,1.5124483416617887,1.5159651706944963,-0.4058169174429005,-0.14945530391825176,1.0625741208004258,-0.14050924010904892,0.4868272472198524,0.7035886979921284,6
LotjaGi1g1v0008300.2,LotjaGi1g1v0008300,chr1,1093328,1096691,+,NA,"GO:0003677, GO:0003700, GO:0005634, GO:0006351, GO:0006355, GO:0043565",AT2G04880.2 zinc-dependent activator protein-1,sp|Q9SI37|WRKY1_ARATH WRKY transcription factor 1,tr|A0A0B2SJM8|A0A0B2SJM8_GLYSO WRKY transcription factor 1,WRKY family transcription factor,5.586821843977802,5.653080577284085,5.353027506321061,5.4242319789025055,5.485812308240307,5.2123340052108285,5.43350870039919,5.264284691352248,5.46264322805103,5.590488203793629,5.354536130210414,5.341764472167634,5.537476662086898,5.552492831767119,5.2866097916122055,5.205370812229522,5.373945514340954,5.326974673609243,5.498467421632935,5.56695238954383,0.7955817931043977,0.9660004687821984,-0.05781833492960454,0.5243211333351497,0.9997675573659286,-0.2282126077855864,0.7057348593642335,0.9962687944457931,-0.07918314160921258,0.647249628724022,0.9938892627464001,0.12943301908981159,5.359803316183517,5.141023738023015,5.331160974661911,5.284265232253247,5.337553269095853,5.530151516550783,5.456614522435169,5.3666661716188955,5.61644952699331,5.61689728896689,5.372216375401515,5.404856285091328,5.559171630592186,5.405995296157755,5.485867653060248,5.513465677897768,-0.5033120367659847,-2.2216588764624596,-0.7282757991471878,-1.0966061133414549,-0.6780691983696899,0.8346432432022763,0.25706620195466684,-0.44940953796865685,1.5124483416617887,1.5159651706944963,-0.4058169174429005,-0.14945530391825176,1.0625741208004258,-0.14050924010904892,0.4868272472198524,0.7035886979921284,6
LotjaGi1g1v0499700.1,LotjaGi1g1v0499700,chr1,101572030,101579527,-,IPR003657 (WRKY domain),"GO:0003677, GO:0003700, GO:0005634, GO:0006351, GO:0006355, GO:0006952, GO:0043565",AT5G15130.1 WRKY DNA-binding protein 72,sp|Q9LXG8|WRK72_ARATH Probable WRKY transcription factor 72,tr|G7KZU9|G7KZU9_MEDTR WRKY family transcription factor,WRKY family transcription factor,5.210690595970683,5.667961300936749,4.840441910141413,4.261468878128703,4.988481482811615,4.7881766323406865,4.772609812017962,5.232829465310134,5.178801326104208,5.492337652527133,4.961367024489308,4.953835941505136,5.228837915360801,5.324627160635408,4.272741913926406,4.761062775243089,4.877428613010075,4.429661660274595,4.695105157989755,4.681832466186022,0.8080088847104188,0.9671068020208954,0.10836103386408769,0.7815449948291251,0.9997675573659286,-0.19530439191739848,0.2167315756391023,0.950133742562223,0.5039651033122503,0.5932441638909948,0.9938892627464001,0.2698144735827595,4.621106851395279,4.475192979913121,4.566033830914798,5.109206752108535,4.879895154180959,5.36268933310852,5.2425078906151,5.242529168207882,5.2359470223859015,5.350534149361852,4.337779162217738,4.859972058616076,4.978318593375358,4.689890197815056,4.988252354968442,4.965260648827405,-0.9681239997765787,-1.423130756809058,-1.1398595324868526,0.5539297342206772,-0.16113817168243375,1.344370601654787,0.9696059007462567,0.9696722511788155,0.9491469865528249,1.3064667979826228,-1.8516315903893252,-0.2232648427860367,0.1457780209244029,-0.7536352258553729,0.17675471012941515,0.10505911639584482,9
LotjaGi3g1v0387900.1,LotjaGi3g1v0387900,chr3,78494292,78496501,+,IPR003657 (WRKY domain),"GO:0003677, GO:0003700, GO:0005634, GO:0006351, GO:0006355, GO:0043565",AT4G01250.1 WRKY family transcription factor,sp|O04609|WRK22_ARATH WRKY transcription factor 22,tr|I1MKR8|I1MKR8_SOYBN WRKY transcription factor,WRKY transcription factor,8.475772701717903,8.856279228795664,9.159059057343471,9.088195290307928,8.157418622221495,7.853145425940288,8.25831888464139,8.43870099170687,8.765536495380001,9.082160840631229,9.177996839160883,9.294108966467167,8.753282087582615,8.86295498321929,9.12773261835969,9.107674719822962,9.072962928209078,8.883629902196562,9.305346671781251,9.362977800783732,0.8363223855799728,0.9729871295777106,0.03703303430120423,0.283303876989743,0.9997675573659286,-0.3152886257586462,0.31915546770250786,0.9871122224478299,0.16556657606289782,0.8548924095254509,0.9947522017920506,0.03599717956532302,8.841952818161875,8.52280384163425,8.480399900651319,8.846238327277051,8.90711374093998,8.946956522518919,8.969447371812576,9.045199615549373,8.847377361605684,8.862085825716894,8.959742915389425,8.866755239724457,8.922913666232075,8.697766348120588,8.884762666802057,8.955491529270766,-0.034505721729775986,-2.0890079256203498,-2.3619807270717006,-0.006918016396306596,0.3849637715197898,0.641449264450627,0.7862327443913485,1.2738832247413452,4.144480970587613e-4,0.09509929484514704,0.7237608940164877,0.12515836466824518,0.48667483350436574,-0.9626973884994958,0.241080085677202,0.6963928534060918,1
LotjaGi1g1v0506800.1,LotjaGi1g1v0506800,chr1,102505765,102516275,-,IPR003657 (WRKY domain),"GO:0003677, GO:0003700, GO:0005634, GO:0006351, GO:0006355, GO:0043565",AT1G13960.1 WRKY DNA-binding protein 4,sp|Q9XI90|WRKY4_ARATH Probable WRKY transcription factor 4,tr|A0A0S3RRX9|A0A0S3RRX9_PHAAN Uncharacterized protein,"WRKY transcription factor, putative",6.793609281374609,6.84840188662287,6.73379064528242,6.974649841774671,6.760405259465492,6.886312272544762,6.826852686375153,6.821158106120299,6.75976828368906,6.635035631882206,6.676884352759661,6.782993858387854,6.717309870259909,6.8517961051557315,6.699755046902316,6.88705085583918,6.620068789200023,6.823243468127086,6.937813706000814,6.995616779885003,0.9360570036675814,0.9888342163108972,-0.012536659715683112,0.9469452080058134,0.9997675573659286,0.016967905942129165,0.1808505238959369,0.9204231387942229,-0.19879455889397246,0.8060262593246745,0.9947452211225484,0.04778903493206865,6.788198545213157,6.937072223919882,6.819175739221142,6.877270871556511,6.76690576616592,6.634308608947637,6.65862265793457,6.70354980724489,6.774590395856149,6.891902552266613,6.743209429812307,7.005823685470835,6.726933204635303,6.794538996909206,6.82899276026441,6.858966091594682,-0.12536643142778717,1.3761081367575667,0.18705594840980957,0.7729779494960815,-0.3401160534103,-1.6774327712239865,-1.4322119469612236,-0.9790964419470772,-0.2626122518919024,0.9205466578592616,-0.5791068992280267,2.0695051962047537,-0.7432617611326056,-0.06141941906719617,0.2860661129993818,0.5883639745632951,10
LotjaGi5g1v0243200.1,LotjaGi5g1v0243200,chr5,55189959,55195025,-,IPR003657 (WRKY domain),"GO:0003677, GO:0003700, GO:0005634, GO:0006351, GO:0006355, GO:0043565",AT2G47260.1 WRKY DNA-binding protein 23,sp|O22900|WRK23_ARATH Probable WRKY transcription factor 23,tr|A0A0L9TXK4|A0A0L9TXK4_PHAAN Uncharacterized protein,WRKY family transcription factor,7.56032769026251,7.745296827407347,7.1726174918944245,6.922092084258921,7.693120774851096,7.468620286630683,7.198150279756945,7.275621713462775,7.377784321299795,7.281041221614058,6.919007940650527,7.025856870551024,6.9766468843198535,7.164499799062836,7.124972975911129,6.637366883299304,7.179783348231378,6.906985645920648,7.055762746408424,7.113109767343121,0.9935196752432004,0.998771081221944,0.001592298368378316,0.46774278859218305,0.9997675573659286,-0.22726637045870893,0.44700924529028635,0.9943697401985359,-0.13907489570569515,0.3313980825280259,0.967891022658489,-0.2222837078038492,7.236110704118006,7.083882190835491,6.964718172614542,7.12112019408122,7.117188781687488,7.224739679715146,7.174132951844073,7.2280184917662265,7.01937772818719,7.230933727804536,7.276740392356473,6.92496174218559,7.426733734002385,7.1271674342308104,7.280505480329395,7.294078109481515,0.49848220427355766,-0.6607459964111428,-1.5681863139308017,-0.37717662712009264,-0.40711454096464156,0.4118912504881407,0.026518334287804667,0.4368595781187432,-1.1519508998785466,0.45905925513318707,0.8078794346311152,-1.8709336397637073,1.9500866847813287,-0.3311265727212274,0.8365507791917084,0.9399070698845945,8
LotjaGi2g1v0296400.1,LotjaGi2g1v0296400,chr2,77134828,77140987,-,IPR003657 (WRKY domain),"GO:0003677, GO:0003700, GO:0005634, GO:0006351, GO:0006355, GO:0043565",AT1G69310.1 WRKY DNA-binding protein 57,sp|Q9C983|WRK57_ARATH Probable WRKY transcription factor 57,tr|A0A151R2J2|A0A151R2J2_CAJCA Putative WRKY transcription factor 57,WRKY family transcription factor,5.636442292331712,5.5528288343959815,5.384124327368016,5.206227508710002,5.139639524334866,5.266045691780705,5.184533691820917,5.060092901527292,5.417741402844435,5.654085802697367,5.306100946085168,5.513593894545304,5.05820566335686,5.156979630190129,4.675238548940424,5.02409007609714,5.526458275182126,5.06479162909988,5.33285681035274,5.482692812868111,0.9981149954765759,0.9998794427215876,-5.995875965575647e-4,0.30022072304365727,0.9997675573659286,-0.4309785448753496,0.6092375945566515,0.994847210250854,0.11977071199987506,0.05976628871598615,0.7999376892837302,-0.6113261653794846,5.069190826178435,5.221956986426362,5.116648558901891,5.068484329580569,5.291044445526292,5.5665113691506845,5.412131697510193,5.612965782163415,5.080851748189229,5.172376834026721,4.68301635289149,5.041600520621122,5.559189997748052,5.16338134664567,5.404364746195839,5.549731251257645,-0.7178841449845398,-0.11414813176326635,-0.530329896684523,-0.7206762387221699,0.15888738246898299,1.2475401441369653,0.6374274900820638,1.4311292456979625,-0.6717998645794071,-0.3100902402517105,-2.244056148860957,-0.8269217816816679,1.2186058855631825,-0.34564065062796423,0.6067322875987261,1.1812246626083012,7
LotjaGi1g1v0042600.1,LotjaGi1g1v0042600,chr1,5844083,5847364,+,IPR003657 (WRKY domain),"GO:0003677, GO:0003700, GO:0005634, GO:0006351, GO:0006355, GO:0043565",AT4G18170.1 WRKY DNA-binding protein 28,sp|Q8VWJ2|WRK28_ARATH Probable WRKY transcription factor 28,tr|I1M6Y0|I1M6Y0_SOYBN Uncharacterized protein,WRKY family transcription factor,3.5551074402249525,4.257961885381618,3.518682749682868,3.8946254891415077,3.7417816343300987,3.653935502746956,3.5423649588049884,3.6036340137392298,3.426006558864292,4.134753654899314,3.440386297771073,3.65573983878979,4.023250415631642,3.971132856837347,4.205431019582002,4.311745288469805,3.845093347782088,3.7869988859315162,4.033674106168737,4.616199648411402,0.28303757878000657,NA,-0.4922419211118002,0.8405597124419357,0.9997675573659286,-0.1474375009777566,0.08365074035449654,0.8122618737224275,-0.7520875901114396,0.5196193307429404,0.9877997858133746,0.3434527046014799,4.066264766628693,4.042185148537704,3.5454563531404903,3.9320964224253254,3.2819741542869427,3.883084795185266,3.4919633811764714,3.6076856266585393,4.183010292073557,4.040189816969644,4.158435979131833,4.313286509892292,3.920570335382804,3.8281984687782873,3.795354365970836,4.349590554971759,0.5430733307978788,0.46324089574330524,-1.1835904264329977,0.09825790289027994,-2.0571269355474473,-0.06423294450505956,-1.360938513684916,-0.9772784152602824,0.930125963558557,0.4566256671621217,0.8486534404264306,1.3620376184224432,0.06004485516757605,-0.2462004936460846,-0.3550902897547176,1.4823983446629239,10
LotjaGi1g1v0281800.1,LotjaGi1g1v0281800,chr1,68667843,68670351,+,IPR003657 (WRKY domain),"GO:0003677, GO:0003700, GO:0005634, GO:0006351, GO:0006355, GO:0043565",AT4G23810.1 WRKY family transcription factor,sp|Q9SUP6|WRK53_ARATH Probable WRKY transcription factor 53,tr|A0A0B2SHC4|A0A0B2SHC4_GLYSO Putative WRKY transcription factor 30,WRKY transcription factor,5.627000276242349,6.257578695084268,4.186856359455581,3.266731451438274,5.205926800452906,2.625336029284223,3.4494019956732678,4.999463533787245,5.524665976882036,4.715899745435167,3.574079288273014,4.089886613134389,3.355526218100391,3.272390955571273,3.6509959926124793,3.82145445632662,3.372378046621729,2.8745756753954845,3.07001384854085,2.960305867504036,0.010316675758716639,NA,2.432283442931616,0.1839607105881577,0.9997675573659286,1.9684646392127445,0.010340055618067433,0.4331951856892229,2.2761178535262556,0.7158098346561867,0.9938892627464001,0.40130474424220597,4.710826216987175,2.2799732759071496,3.001284703080316,4.9976177644056525,4.64795282908775,4.108065432642968,4.320817505207975,4.872332944244392,3.437459654159103,3.323864022112519,3.638584468228963,3.770641500341535,3.4463423906573873,3.585188542016751,3.6934458496428433,3.591343725684137,1.1911129653833523,-2.1303997217607105,-1.144801203541344,1.5829843728297117,1.1052028915724348,0.3675018128211297,0.6582058271605967,1.4117954404843018,-0.5488126065598459,-0.7040294552101963,-0.2739960554048747,-0.0935535859424416,-0.5366752528446102,-0.3469561441697966,-0.1990335715289511,-0.3385457132887575,9
LotjaGi1g1v0305600.1,LotjaGi1g1v0305600,chr1,74466302,74470511,+,IPR003657 (WRKY domain),"GO:0003677, GO:0003700, GO:0005634, GO:0006351, GO:0006355, GO:0043565",AT3G56400.1 WRKY DNA-binding protein 70,sp|Q9LY00|WRK70_ARATH Probable WRKY transcription factor 70,tr|I3SHP6|I3SHP6_LOTJA Uncharacterized protein,WRKY family transcription factor,4.284666750577299,4.661370606417086,4.473953634361838,3.25918435302712,3.975047604979116,2.8389442637825857,3.0516172209358094,3.6560309338469,3.669592464879348,3.9973054226577287,3.139567568044913,3.460756570232631,3.2424846344244207,3.2674177086638743,3.387185647201706,3.6245921275320914,5.4444955301143985,5.017176099556972,4.986942452063456,6.110893021884094,4.3137284260547906e-4,NA,-2.2327206327437983,0.005196768546888568,0.37591977603034876,-2.9944395280238014,3.775459216261373e-8,3.987244499916415e-5,-3.317100325730322,8.531662712220251e-7,9.958695559558986e-4,-3.688184384436572,4.129406721982434,3.0879772975977775,2.936837635574431,3.942574027397418,3.3123237422449807,3.6162860684122533,3.381738586038957,3.6266898046958334,3.4026409553767594,3.340363906792014,3.341175821058446,3.6087158892555555,5.5268169003680825,5.241069475096656,4.944726078031781,6.046705653770274,0.1706494914081635,-0.9295848086580356,-1.0892586534380146,-0.026732812320852985,-0.6925705206811033,-0.3714447973756134,-0.6192361301908446,-0.36045360849615443,-0.597153497263807,-0.66294705307803,-0.6620892936334384,-0.37944243079255513,1.6469651912741983,1.3450828830947574,1.0320062958439586,2.1962097443073745,8
LotjaGi1g1v0305900.1,LotjaGi1g1v0305900,chr1,74515790,74520025,+,NA,"GO:0003677, GO:0003700, GO:0005634, GO:0006351, GO:0006355, GO:0043565",AT3G56400.1 WRKY DNA-binding protein 70,sp|Q9LY00|WRK70_ARATH Probable WRKY transcription factor 70,tr|I3SHP6|I3SHP6_LOTJA Uncharacterized protein,WRKY family transcription factor,4.284666750577299,4.661370606417086,4.473953634361838,3.25918435302712,3.975047604979116,2.8389442637825857,3.0516172209358094,3.6560309338469,3.669592464879348,3.9973054226577287,3.139567568044913,3.460756570232631,3.2424846344244207,3.2674177086638743,3.387185647201706,3.6245921275320914,5.4444955301143985,5.017176099556972,4.986942452063456,6.110893021884094,4.3137284260547906e-4,NA,-2.2327206327437983,0.005196768546888568,0.37591977603034876,-2.9944395280238014,3.775459216261373e-8,3.987244499916415e-5,-3.317100325730322,8.531662712220251e-7,9.958695559558986e-4,-3.688184384436572,4.129406721982434,3.0879772975977775,2.936837635574431,3.942574027397418,3.3123237422449807,3.6162860684122533,3.381738586038957,3.6266898046958334,3.4026409553767594,3.340363906792014,3.341175821058446,3.6087158892555555,5.5268169003680825,5.241069475096656,4.944726078031781,6.046705653770274,0.1706494914081635,-0.9295848086580356,-1.0892586534380146,-0.026732812320852985,-0.6925705206811033,-0.3714447973756134,-0.6192361301908446,-0.36045360849615443,-0.597153497263807,-0.66294705307803,-0.6620892936334384,-0.37944243079255513,1.6469651912741983,1.3450828830947574,1.0320062958439586,2.1962097443073745,8
LotjaGi1g1v0378000.2,LotjaGi1g1v0378000,chr1,85760239,85762663,-,IPR003657 (WRKY domain),"GO:0003677, GO:0003700, GO:0005634, GO:0006351, GO:0006355, GO:0043565",AT4G31800.1 WRKY DNA-binding protein 18,sp|Q9C5T4|WRK18_ARATH WRKY transcription factor 18,tr|I3SVN4|I3SVN4_LOTJA Uncharacterized protein,WRKY family transcription factor,3.376865418041958,3.967914827603192,3.1768158721752444,3.042502638572251,3.3309553574233606,3.150492752351549,2.623104530467987,2.9915833155698452,3.8591827016755316,3.4801061948533567,2.9667989428881736,3.562882063684689,2.554200913559115,2.8911191737764197,2.762374999689977,3.3229901813278686,3.2364786597770894,3.3076286764518152,2.8691462187986447,4.243442708249296,0.2519634094425121,NA,-0.7130058058481825,0.14798647274191173,NA,-1.4851303247103533,0.5622094319164389,0.9943697401985359,-0.32828562103203573,0.09346537554002089,0.8812420979175214,-1.3154210820432324,3.1368929876181784,3.0400421022527255,2.446910081173248,3.0272974378049224,3.5877904068328976,3.3132571939436124,3.1900148990674984,3.704796543649405,2.657780916957548,2.9705439944583714,2.8495889345238234,3.5279058117747404,3.448261714359803,3.5003932343943562,2.9387079809948498,4.269329872179243,-0.19918264793453594,-0.4166647018078174,-1.7485634209122334,-0.4452832920207542,0.8133232929967833,0.19684935194502695,-0.07989553595740857,1.0760646696461822,-1.2750455764929844,-0.5727251360143828,-0.8443339577785941,0.6788503382119687,0.5000067290975512,0.6170698824788519,-0.6442140188372739,2.343744023379627,1
LotjaGi1g1v0481700.1,LotjaGi1g1v0481700,chr1,99512095,99514995,+,IPR003657 (WRKY domain),"GO:0003677, GO:0003700, GO:0005634, GO:0006351, GO:0006355, GO:0043565",AT5G41570.1 WRKY DNA-binding protein 24,sp|Q9FFS3|WRK24_ARATH Probable WRKY transcription factor 24,tr|G7L6N9|G7L6N9_MEDTR WRKY family transcription factor,WRKY family transcription factor,3.5617819156290613,3.8241882682229624,3.6220533211551635,3.996997024180045,4.639518596339672,4.5163462996993715,4.208621515104617,4.2282477022496066,3.6481533282750935,3.0542253394019343,3.447806220429588,3.3383581597499967,2.8440458172693974,3.0306087747005064,3.3503123789651386,3.6223422603427307,4.152804983346296,3.7556299769292902,3.4380464055501894,3.725341918707888,0.9830480975507678,NA,0.008835611915659517,0.326552338298876,0.9997675573659286,0.6310225713126045,0.05828820338509387,0.7710469474215773,-0.7814750476727169,0.0013233137959636687,0.20401846566503976,-1.8506881459025288,4.65731263630578,4.455041732327406,4.285877689138956,4.101752098017416,3.7123233567765808,3.0958738997993422,3.420687853595764,3.4792674050502947,2.6817188012602298,2.912004524133,3.213875196394236,3.2686046838093454,3.830006916898169,3.763114105985022,3.661891153638996,4.028897751169564,1.7866785688862448,1.4241242266139895,1.1209112720663523,0.7908809450565042,0.09286121821739828,-1.0120748997443212,-0.4298719873961199,-0.3248728484667169,-1.754414635199319,-1.3416459811384518,-0.8005670573765966,-0.7024688488729935,0.3037995434878568,0.1838995549756614,0.0024655464808307236,0.6602953824096792,4
LotjaGi1g1v0754400.1,LotjaGi1g1v0754400,chr1,132748685,132752791,+,IPR003657 (WRKY domain),"GO:0003677, GO:0003700, GO:0005634, GO:0006351, GO:0006355, GO:0043565",AT1G62300.1 WRKY family transcription factor,sp|Q9XEC3|WRK42_ARATH WRKY transcription factor 42,tr|I1NBI8|I1NBI8_SOYBN Uncharacterized protein,"WRKY family transcription factor, putative",3.0844492403618995,3.0876046461710525,4.906954286840316,3.1720763974949793,3.627332564031581,3.8108528322652386,3.959039135473482,3.7871424095170503,3.5762662549683704,4.333216464770345,2.4139291962382288,3.8928403000892473,3.2716116199504097,2.9756472262612848,4.191683968657515,2.953253382193825,2.760479613980203,3.4426438520886173,4.9039697912617335,4.749013896023896,0.7696067402696862,NA,0.27355077686792156,0.016230645933831514,0.5947260763700715,3.6495076635191213,0.599165242402686,0.994838962831871,0.4779253599107248,0.11914065925165744,0.9082537851090317,1.9849635511818644,4.726405847325197,5.167054432002029,4.01165538408779,4.946275668325487,3.385865492249514,3.7657225545304733,2.325082562838325,3.227767287752951,3.9683506871619914,3.349688411919689,4.282514642503294,3.55350767087708,3.4774383525505943,3.2809830150982564,3.612286395992636,3.242516184298296,1.310061707975043,1.9137744089181645,0.33081441735259837,1.6112954078161874,-0.5265520169493824,-0.006127032014635876,-1.9798827428357617,-0.7431552181621524,0.2714846102143981,-0.5761165988807475,0.7019064397935644,-0.29687304833210654,-0.4010921817249098,-0.6702467563958474,-0.21634297486431012,-0.7229484219100978,3
LotjaGi2g1v0307400.1,LotjaGi2g1v0307400,chr2,78181864,78197177,-,IPR003657 (WRKY domain),"GO:0003677, GO:0003700, GO:0005634, GO:0006351, GO:0006355, GO:0043565",AT5G15130.1 WRKY DNA-binding protein 72,sp|Q9LXG8|WRK72_ARATH Probable WRKY transcription factor 72,tr|I1J5L7|I1J5L7_SOYBN Uncharacterized protein,"WRKY transcription factor, putative",2.411830408788513,2.2134951794589233,2.9866551764536298,1.9648234378149443,2.307728575698134,1.381945027573515,1.3515796772312774,1.6829298155560213,1.9553063180855885,2.6005183400602334,1.7101846595653485,1.7954195117503347,2.396629475889579,1.899510309788886,2.3941614202806383,2.032878381623136,2.325991249190964,1.9781726014798027,1.8611746714686164,1.6880331297788307,0.23318386187058376,NA,1.0097328386522164,0.5479418450421244,NA,-0.8652260396580758,0.9071901228971982,NA,0.0952327521102383,0.8465557801260253,NA,0.19273003255815477,2.259050729292291,1.3127982023767424,1.3361925110697925,1.6224943640376461,1.8825445355632837,2.548188818831854,1.7852701818477246,1.955826773769587,2.328143881555266,1.8483228723734362,2.3264101378402215,1.8554349782120099,2.1785047695268642,2.0657353369333804,2.042395183751623,1.9086922171256901,0.8933553630990209,-1.8732579640181743,-1.8048586685152492,-0.967781356202926,-0.20745760562111967,1.7387251445725378,-0.4918642684528868,0.006801919289644333,1.095367014773421,-0.3075134646694073,1.0902979678420666,-0.2867193888416742,0.657858474695612,0.3281479521551305,0.25990699425767344,-0.13100811436366966,1
LotjaGi3g1v0186500.1,LotjaGi3g1v0186500,chr3,26246979,26250789,-,IPR003657 (WRKY domain),"GO:0003677, GO:0003700, GO:0005634, GO:0006351, GO:0006355, GO:0043565",AT1G62300.1 WRKY family transcription factor,sp|Q9C519|WRKY6_ARATH WRKY transcription factor 6,tr|V7BZA4|V7BZA4_PHAVU Uncharacterized protein,WRKY family transcription factor,4.539663901266076,4.445665898524975,4.403341942679925,4.476123367083762,4.6386598278955775,4.386397614243561,4.243744871229834,4.296976582860252,4.249170825747649,4.897075192816963,4.525339769912593,4.049867761032133,4.363387381539959,4.456121738292434,4.39234235363619,4.3559213689418605,4.225839081497961,3.9031069750575287,4.492106340231266,4.441070690984199,0.5215344018528791,NA,0.2503378306101139,0.5505223174843723,0.9997675573659286,0.37317886335794215,0.41744084744589116,0.9943697401985359,0.2964473951969298,0.5044830249127166,0.9877997858133746,0.32077329685725114,4.708895074744903,4.491538149037985,4.213110440557473,4.408655054020592,4.151536474692359,4.783385099622171,4.584288392768657,4.064880833326268,4.431535602696171,4.490929392920191,4.389948135929207,4.386297081218784,4.282692661568895,3.9537264981681166,4.432805145088457,4.366200073818179,1.4899038899566646,0.4938336524042805,-0.7821024735110438,0.1140096193096508,-1.0642742727616705,1.8312654386327372,0.9188753528487552,-1.4613865570841091,0.2188631153760424,0.4910439375199247,0.02828240226074944,0.01155090442188203,-0.4632316614269374,-1.9707677266321535,0.22468098102791376,-0.08054660234265586,5
LotjaGi3g1v0468600.1,LotjaGi3g1v0468600,chr3,88427922,88432020,-,IPR003657 (WRKY domain),"GO:0003677, GO:0003700, GO:0005634, GO:0006351, GO:0006355, GO:0043565",AT1G62300.1 WRKY family transcription factor,sp|Q9C519|WRKY6_ARATH WRKY transcription factor 6,tr|A0A151S0H3|A0A151S0H3_CAJCA WRKY transcription factor 6,WRKY family transcription factor,4.999674580690641,5.002395093211313,5.220554118714864,4.750070655999818,4.865581840322491,4.620117924295598,4.460359985361057,4.758455277914957,4.817303220997797,4.867736681134702,4.712936726510785,4.730755840712978,4.768903283345884,4.37289598957488,4.803655715662299,4.129874700320406,4.860893060483624,4.445640139300226,4.833983483842012,5.090938618722098,0.5111737895949161,NA,0.21598691836308498,0.6012599533648628,0.9997675573659286,-0.2863683082253189,0.8145520352228719,0.9979949307790763,-0.07341889276336248,0.5351101570825235,0.9877997858133746,-0.261323091836035,4.72844560530272,4.528323183922724,4.375618906216792,4.751151384208651,4.749021041297129,4.863611438856579,4.772545573142945,4.710821757240719,4.837175512993017,4.435139554151039,4.904337565014082,4.355891958332117,5.05598451211777,4.482844175550078,4.799983981662074,5.013333968643287,0.0840321624678788,-0.8409177119932731,-1.5467047073723983,0.18897646208089008,0.17913018701094402,0.7087578674386673,0.28785869742721565,0.0025761419977043563,0.586573126018133,-1.2716050186169243,0.8969907751604022,-1.637881087528145,1.5978908728043044,-1.0511180623329346,0.41467683374684583,1.4007634616907063,8
LotjaGi4g1v0025500.1,LotjaGi4g1v0025500,chr4,3136661,3139150,-,IPR003657 (WRKY domain),"GO:0003677, GO:0003700, GO:0005634, GO:0006351, GO:0006355, GO:0043565",AT4G18170.1 WRKY DNA-binding protein 28,sp|Q8VWJ2|WRK28_ARATH Probable WRKY transcription factor 28,tr|A0A1J7HK30|A0A1J7HK30_LUPAN Uncharacterized protein,WRKY family transcription factor,2.643671653846038,2.844355603813159,2.9227804116440343,2.7522914607510653,3.288352643361958,2.29687428807599,2.2502872147192594,2.957222134701214,2.6445756699738108,3.3050733828934273,3.0028496237072138,3.590456168812943,3.1322940677766713,2.7560246350716398,2.539554067578921,2.8858498350716872,2.840131275392383,2.4353859801487476,3.2409622550711745,2.6204256202145393,0.9703201378436896,NA,0.02557631837619519,0.8554473025130194,NA,-0.20590498008550054,0.21126164694217206,0.9418450597251115,0.7835614747206965,0.7638154766034346,0.9941578015291813,0.25307473126692753,3.246535373688382,2.2407844556408643,2.2750607818531394,2.8981427918446054,2.749215892985624,3.417327915692847,2.9265167867053474,3.502758044089736,3.116223276266673,2.757341499502991,2.5802319123379664,2.9612159492202323,2.878774319287118,2.358086358557092,3.200226660497779,2.570262870824239,1.0149546102302607,-1.5916567176629908,-1.5028225355804847,0.11202324413126416,-0.2739515878355237,1.4575987746251358,0.185560314885497,1.6790086052569626,0.6772238826656567,-0.25289239950757364,-0.7119084917613797,0.2754903646191773,0.061825845285886236,-1.287644597526474,0.8949360109759639,-0.7377453228013812,9
LotjaGi5g1v0029900.1,LotjaGi5g1v0029900,chr5,4882092,4885685,-,"IPR003657 (WRKY domain), IPR018872 (Zn-cluster domain)","GO:0003677, GO:0003700, GO:0005634, GO:0006351, GO:0006355, GO:0043565",AT4G24240.1 WRKY DNA-binding protein 7,sp|Q9STX0|WRKY7_ARATH Probable WRKY transcription factor 7,tr|A0A0B2QM44|A0A0B2QM44_GLYSO Putative WRKY transcription factor 7,"WRKY transcription factor, putative",4.218084300709391,3.927229271742202,3.4501726710680276,3.8322786019918795,4.671092173368075,4.015826035583895,3.7372978892581092,4.126806775615968,3.7696087912040435,3.8855105437016366,3.2846158015372073,3.1835113047532526,3.4904998042875417,3.8533891109646716,3.9090717504738977,3.2522339863300544,3.881713381149752,3.632327876627857,3.3719864939064785,2.9079950135981685,0.5574734844145657,NA,0.2885675475674987,0.855408291227663,0.9997675573659286,-0.1352501245787678,0.7177067653210117,0.9962687944457931,-0.16792935882753157,0.5838794237072849,0.9938892627464001,-0.30699691671617657,4.032422514327139,3.3584237454482437,3.545687676281333,3.694199384743675,3.604528920317262,3.9759378487202786,3.5186939357787286,3.551825418484348,3.322183430700527,3.7912828728245054,3.9791614367724537,3.260118575906838,3.837611382388967,3.8628401614919134,3.9254765677987793,3.49582233505823,1.4392651486305577,-1.2541645158556218,-0.5058215667533521,0.08765999369719533,-0.2706805553754541,1.2135414812310474,-0.6136937837102072,-0.48129395975183337,-1.398987834975593,0.4756244215308664,1.2264235636423462,-1.6470110195007064,0.6607621216781702,0.7615812109291398,1.0118884260362866,-0.7050931314528485,8
LotjaGi5g1v0343000_LC.1,LotjaGi5g1v0343000_LC,chr5,66031653,66036472,-,IPR003657 (WRKY domain),"GO:0003677, GO:0003700, GO:0005634, GO:0006351, GO:0006355, GO:0043565",AT2G38470.1 WRKY DNA-binding protein 33,sp|Q8S8P5|WRK33_ARATH Probable WRKY transcription factor 33,tr|I3T3Y7|I3T3Y7_LOTJA Uncharacterized protein,WRKY transcription factor,2.3014877497244597,3.3129869927398055,2.2731822926664846,2.0797683807226,2.388829655089661,1.9406871026413206,2.2006222109569946,2.5508695808757516,2.0693252034993925,2.834294670480752,1.8410741410771159,2.291587755092442,1.9228297300462567,1.8629797172421936,2.1354183939080764,1.8610069746488438,2.4508409190449716,2.089079416776239,2.398857903884813,1.9915410741220798,0.6147867291994898,NA,0.35725414237526615,0.5969795262154328,NA,0.5895780223696199,0.8335420517069773,NA,-0.14140628276094191,0.17786678644830484,NA,-1.2803751685046922,2.6595090737632274,2.2473149679290345,2.1813401614420407,2.8066665425931525,1.8071294007639966,2.48863753549234,2.0090708643616404,2.4844865787455013,1.9872086539012972,1.8577237876206727,1.9818729045322132,1.5910660163406565,2.304896895943445,2.265255806398442,2.422206613050445,2.045258110604665,1.4158543039871343,0.1561298944834241,-0.04549859308495778,1.8655886716115153,-1.1891404425264127,0.8936463330272825,-0.5719783157899703,0.880960412819364,-0.6387923720144422,-1.0345167271332911,-0.65509918870127,-1.8494611882761134,0.33210853959102044,0.2109596744996551,0.6906238895681678,-0.4613848920611101,4
LotjaGi6g1v0260100.1,LotjaGi6g1v0260100,chr6,57301250,57304803,+,IPR003657 (WRKY domain),"GO:0003677, GO:0003700, GO:0005634, GO:0006351, GO:0006355, GO:0043565",AT2G47260.1 WRKY DNA-binding protein 23,sp|O22900|WRK23_ARATH Probable WRKY transcription factor 23,tr|I3S218|I3S218_LOTJA Uncharacterized protein,WRKY family transcription factor,3.7726150431846266,3.830358889498669,3.6006392940848633,3.267880475159627,3.874052186231248,2.543006430053668,2.3971575211309486,3.0043181128475362,2.961068244028565,2.9050636712150704,3.4766926156687945,2.7629732517072814,3.1743029370327442,2.9895112584472505,3.0252697413007956,2.8178518685289595,3.6723199543400877,2.3613107988467235,2.6788875264640635,2.898798199620829,0.1849312953855918,NA,0.9270424792234893,0.2075706349467861,NA,-1.4797651602112933,0.9287558378986747,0.9999468772632418,-0.05962877578632316,0.40709235183542347,0.9743688324109769,-0.6777861874570837,3.356397999874708,1.9694496549510179,2.295958453952009,2.577361772494041,2.9294380938616142,3.06817783334962,3.5959868834881714,3.0461447861998305,2.9676042370294966,2.8946611200761057,3.052735725012611,2.7335285758631427,3.5350587749795874,2.491027311510128,3.171043923186616,3.4431517846829482,0.91281878360472,-2.168188956628612,-1.4428727322297203,-0.8177551453140743,-0.03564247669406587,0.27255805060388494,1.4450485581227879,0.223613193314941,0.04914091336186938,-0.11289706646102574,0.23825449814212135,-0.470841627079066,1.3097010705254384,-1.009541049608112,0.5010678001957201,1.1055361861431907,1
