"","category","over_represented_pvalue","under_represented_pvalue","numDEInCat","numInCat","term","ontology"
"1","GO:1990298",0.00436061694751237,1,2,2,"bub1-bub3 complex","CC"
"2","GO:0000778",0.00518211564187413,0.999728165951633,3,6,"condensed nuclear chromosome kinetochore","CC"
"3","GO:0000777",0.0055876958672524,0.999698645516897,3,6,"condensed chromosome kinetochore","CC"
"4","GO:0000776",0.00965046640903148,0.998767501904146,4,13,"kinetochore","CC"
"5","GO:0033597",0.012641306346161,0.999707910485725,2,3,"mitotic checkpoint complex","CC"
"6","GO:0035327",0.0155353217996228,0.99959896015026,2,3,"transcriptionally active chromatin","CC"
"7","GO:0000148",0.0162373087629137,0.998562122826516,3,7,"1,3-beta-D-glucan synthase complex","CC"
"8","GO:0000138",0.0222307531358083,0.999024270189535,2,4,"Golgi trans cisterna","CC"
"9","GO:0000427",0.0243916115594884,0.998874008291606,2,4,"plastid-encoded plastid RNA polymerase complex","CC"
"10","GO:0005813",0.0290995783517502,0.994488530422389,4,17,"centrosome","CC"
"11","GO:0030173",0.0343349675626099,0.993027021413855,4,19,"integral component of Golgi membrane","CC"
"12","GO:0005871",0.0361485936073668,0.989233367015267,6,33,"kinesin complex","CC"
"13","GO:0016592",0.0362163314952987,0.990630230935822,5,28,"mediator complex","CC"
"14","GO:0005828",0.0372128719485572,0.997499959439759,2,5,"kinetochore microtubule","CC"
"15","GO:0030140",0.0390606960510039,0.997304375540286,2,5,"trans-Golgi network transport vesicle","CC"
"16","GO:0000793",0.0432440714138714,0.996841755065501,2,5,"condensed chromosome","CC"
"17","GO:0005874",0.0455487960453661,0.979307837927589,11,87,"microtubule","CC"
"18","GO:0009524",0.0545690563696947,0.978191562288856,8,58,"phragmoplast","CC"
"19","GO:0016442",0.0546472934778101,0.995447127139077,2,5,"RISC complex","CC"
"20","GO:0005666",0.0548601654941064,0.990467477318045,3,13,"RNA polymerase III complex","CC"
"21","GO:0035657",0.0573361880848735,1,1,1,"eRF1 methyltransferase complex","CC"
"22","GO:0009898",0.0577693808313327,0.994625103422218,2,6,"cytoplasmic side of plasma membrane","CC"
"23","GO:0016593",0.0601169450256142,0.994278936565348,2,6,"Cdc73/Paf1 complex","CC"
"24","GO:0009507",0.0608336804741983,0.949291039584032,188,2557,"chloroplast","CC"
"25","GO:0042170",0.061956270088991,1,1,1,"plastid membrane","CC"
"26","GO:0009349",0.0633412186239736,1,1,1,"riboflavin synthase complex","CC"
"27","GO:0031616",0.0648030268666557,1,1,1,"spindle pole centrosome","CC"
"28","GO:0032133",0.0648030268666557,1,1,1,"chromosome passenger complex","CC"
"29","GO:0031019",0.0677247272701046,1,1,1,"mitochondrial mRNA editing complex","CC"
"30","GO:0000346",0.0684285145297213,1,1,1,"transcription export complex","CC"
"31","GO:0031511",0.0717160268357563,1,1,1,"Mis6-Sim4 complex","CC"
"32","GO:1990423",0.0722549226737602,1,1,1,"RZZ complex","CC"
"33","GO:0031436",0.0741188782713015,1,1,1,"BRCA1-BARD1 complex","CC"
"34","GO:0035452",0.0753773627409482,1,1,1,"extrinsic component of plastid membrane","CC"
"35","GO:0044798",0.0764521008240321,1,1,1,"nuclear transcription factor complex","CC"
"36","GO:0008023",0.0809289982149816,1,1,1,"transcription elongation factor complex","CC"
"37","GO:0042644",0.0831775010676239,0.982259577806301,3,16,"chloroplast nucleoid","CC"
"38","GO:0034707",0.0865348825648749,0.989325236014074,2,7,"chloride channel complex","CC"
"39","GO:0005615",0.0952786045642206,0.971782056019687,4,27,"extracellular space","CC"
"40","GO:0000932",0.0987222992749885,0.965292652651962,5,36,"P-body","CC"
"41","GO:0009513",0.120471913042943,0.996140948444707,1,2,"etioplast","CC"
"42","GO:0042720",0.12228682426383,0.996019817183825,1,2,"mitochondrial inner membrane peptidase complex","CC"
"43","GO:0005876",0.122597448135127,0.980287904237908,2,9,"spindle microtubule","CC"
"44","GO:0017102",0.124846530959804,0.995845575229064,1,2,"methionyl glutamyl tRNA synthetase complex","CC"
"45","GO:0001673",0.125932115395126,0.995770472548246,1,2,"male germ cell nucleus","CC"
"46","GO:0005681",0.12806628452271,0.945635098626872,6,51,"spliceosomal complex","CC"
"47","GO:0000780",0.128315598704843,0.995603050751068,1,2,"condensed nuclear chromosome, centromeric region","CC"
"48","GO:0031588",0.129596322711118,0.995511650727128,1,2,"nucleotide-activated protein kinase complex","CC"
"49","GO:0031357",0.13157653269809,0.995368345059291,1,2,"integral component of chloroplast inner membrane","CC"
"50","GO:0052718",0.132080209364424,0.995331508870077,1,2,"tRNA-specific adenosine-34 deaminase complex","CC"
"51","GO:0005634",0.132773928347339,0.883868019431965,292,4093,"nucleus","CC"
"52","GO:0071011",0.133241059742058,0.99524601366345,1,2,"precatalytic spliceosome","CC"
"53","GO:1990429",0.134463323628515,0.995155094153644,1,2,"peroxisomal importomer complex","CC"
"54","GO:0032389",0.140835816874773,0.99466601761335,1,2,"MutLalpha complex","CC"
"55","GO:0044615",0.142058974424817,0.994569238471742,1,2,"nuclear pore nuclear basket","CC"
"56","GO:0000127",0.142598646059133,0.994526239573409,1,2,"transcription factor TFIIIC complex","CC"
"57","GO:0010319",0.146108244621644,0.959166604970492,3,20,"stromule","CC"
"58","GO:0030981",0.149203094558305,0.99398513169153,1,2,"cortical microtubule cytoskeleton","CC"
"59","GO:0016607",0.152887843835159,0.926633564518417,7,64,"nuclear speck","CC"
"60","GO:0010494",0.15595725571174,0.970431620666809,2,10,"cytoplasmic stress granule","CC"
"61","GO:0017119",0.159331809267451,0.969391383625742,2,10,"Golgi transport complex","CC"
"62","GO:0005801",0.163813003910053,0.967511665723189,2,11,"cis-Golgi network","CC"
"63","GO:0005640",0.167488676769093,0.989891537166769,1,3,"nuclear outer membrane","CC"
"64","GO:0001405",0.175208279691537,0.988894689689986,1,3,"PAM complex, Tim23 associated import motor","CC"
"65","GO:0030659",0.17938177840881,0.962361668819115,2,11,"cytoplasmic vesicle membrane","CC"
"66","GO:0051233",0.182821585895056,0.987861326225332,1,3,"spindle midzone","CC"
"67","GO:0009528",0.187144215481411,0.987252166525592,1,3,"plastid inner membrane","CC"
"68","GO:0043229",0.194454151266254,0.986184644887262,1,3,"intracellular organelle","CC"
"69","GO:0030123",0.194804532560223,0.986132288541492,1,3,"AP-3 adaptor complex","CC"
"70","GO:0000786",0.195049774441067,0.955928190885112,2,13,"nucleosome","CC"
"71","GO:0005880",0.196728757222871,0.985842810838673,1,3,"nuclear microtubule","CC"
"72","GO:0030875",0.198097092246252,0.985634952186767,1,3,"rDNA protrusion","CC"
"73","GO:0031090",0.203309813135595,0.984827743540462,1,3,"organelle membrane","CC"
"74","GO:0035371",0.203915313987248,0.984732395461341,1,3,"microtubule plus-end","CC"
"75","GO:0000796",0.210685200364121,0.983643733172017,1,3,"condensin complex","CC"
"76","GO:0031902",0.210721240758104,0.914930164465966,4,35,"late endosome membrane","CC"
"77","GO:0009330",0.214546980216485,0.983004012545193,1,3,"DNA topoisomerase complex (ATP-hydrolyzing)","CC"
"78","GO:0005739",0.231245745236296,0.8017292129491,101,1417,"mitochondrion","CC"
"79","GO:0009295",0.234010816034332,0.91705747881305,3,25,"nucleoid","CC"
"80","GO:0042645",0.238315737538984,0.976285036905849,1,4,"mitochondrial nucleoid","CC"
"81","GO:0035145",0.238337260019451,0.976280495641756,1,4,"exon-exon junction complex","CC"
"82","GO:0016602",0.239061138666383,0.976127472384416,1,4,"CCAAT-binding factor complex","CC"
"83","GO:0070531",0.243555267765876,0.975165057015897,1,4,"BRCA1-A complex","CC"
"84","GO:0009526",0.252813634765325,0.973114594462748,1,4,"plastid envelope","CC"
"85","GO:0010330",0.25850456991453,0.971808429758007,1,4,"cellulose synthase complex","CC"
"86","GO:0010445",0.262062317408977,0.970973974560919,1,4,"nuclear dicing body","CC"
"87","GO:0042721",0.269598356657811,0.967273998129809,1,5,"TIM22 mitochondrial import inner membrane insertion complex","CC"
"88","GO:0005802",0.274035917466443,0.808115557231056,16,194,"trans-Golgi network","CC"
"89","GO:0009517",0.277565202507406,0.965173053751212,1,5,"PSII associated light-harvesting complex II","CC"
"90","GO:0031965",0.288344186451814,0.886331364006145,3,26,"nuclear membrane","CC"
"91","GO:0045298",0.291914195477985,0.961199373302565,1,5,"tubulin complex","CC"
"92","GO:0017101",0.29582209373964,0.960074265350579,1,5,"aminoacyl-tRNA synthetase multienzyme complex","CC"
"93","GO:0016281",0.296166827255098,0.959974123860539,1,5,"eukaryotic translation initiation factor 4F complex","CC"
"94","GO:0044613",0.300312537313533,0.958758475145564,1,5,"nuclear pore central transport channel","CC"
"95","GO:0031201",0.303245389083556,0.876372737882282,3,30,"SNARE complex","CC"
"96","GO:0000311",0.305687836091509,0.955542642635217,1,6,"plastid large ribosomal subunit","CC"
"97","GO:0016514",0.306796140830763,0.956814953316584,1,5,"SWI/SNF complex","CC"
"98","GO:0005654",0.310759491561871,0.825981690933091,6,66,"nucleoplasm","CC"
"99","GO:0000307",0.313855303505398,0.900646641374226,2,17,"cyclin-dependent protein kinase holoenzyme complex","CC"
"100","GO:0009506",0.315525196447919,0.746343556345534,35,461,"plasmodesma","CC"
"101","GO:0005741",0.317732136772961,0.898567304560864,2,17,"mitochondrial outer membrane","CC"
"102","GO:0009532",0.318697253690874,0.898046540572642,2,17,"plastid stroma","CC"
"103","GO:0009707",0.332457887376125,0.857815187816483,3,30,"chloroplast outer membrane","CC"
"104","GO:0090575",0.340270411635981,0.943939089506192,1,6,"RNA polymerase II transcription factor complex","CC"
"105","GO:0005769",0.344814287139794,0.883478543897931,2,17,"early endosome","CC"
"106","GO:0000930",0.355189895886288,0.93843922940691,1,6,"gamma-tubulin complex","CC"
"107","GO:0030665",0.357953775765501,0.93738665997647,1,6,"clathrin-coated vesicle membrane","CC"
"108","GO:0000794",0.363188532552019,0.935363830471104,1,6,"condensed nuclear chromosome","CC"
"109","GO:0042555",0.365404572986485,0.934495885586388,1,6,"MCM complex","CC"
"110","GO:0005844",0.366235887333521,0.934168497754848,1,6,"polysome","CC"
"111","GO:0000815",0.366852983540259,0.932276560157617,1,7,"ESCRT III complex","CC"
"112","GO:0042646",0.372010645223635,0.930171831763498,1,7,"plastid nucleoid","CC"
"113","GO:0000922",0.374605363321284,0.930817598894612,1,6,"spindle pole","CC"
"114","GO:0005685",0.389103204140079,0.922917535198907,1,7,"U1 snRNP","CC"
"115","GO:0009840",0.414117610513222,0.909938598405126,1,8,"chloroplastic endopeptidase Clp complex","CC"
"116","GO:0005779",0.415145687972884,0.909440949001523,1,8,"integral component of peroxisomal membrane","CC"
"117","GO:0009368",0.419040018369883,0.907540514447829,1,8,"endopeptidase Clp complex","CC"
"118","GO:0005618",0.421816629303158,0.681122215461975,15,208,"cell wall","CC"
"119","GO:0005682",0.427332708904871,0.903412048238229,1,8,"U5 snRNP","CC"
"120","GO:0009986",0.431854929742513,0.901113366850463,1,8,"cell surface","CC"
"121","GO:0031982",0.440202063789201,0.896781504239666,1,8,"vesicle","CC"
"122","GO:0009514",0.443510438273881,0.895032302399766,1,8,"glyoxysome","CC"
"123","GO:0005884",0.44688622731784,0.893228380044116,1,8,"actin filament","CC"
"124","GO:0005764",0.450781289005884,0.88968905878282,1,9,"lysosome","CC"
"125","GO:0009501",0.451870645178408,0.890529343324961,1,8,"amyloplast","CC"
"126","GO:0005819",0.455494683261103,0.766565689678096,3,35,"spindle","CC"
"127","GO:0031225",0.459293782890954,0.716885579143059,5,70,"anchored component of membrane","CC"
"128","GO:0009534",0.461862538371654,0.67226193239604,9,131,"chloroplast thylakoid","CC"
"129","GO:0046658",0.462143908882167,0.733294764849446,4,55,"anchored component of plasma membrane","CC"
"130","GO:0005575",0.463112099173968,0.699109823082051,6,87,"cellular_component","CC"
"131","GO:0005765",0.470116029260399,0.878723553185958,1,9,"lysosomal membrane","CC"
"132","GO:0000347",0.482912262121287,0.87109804555396,1,9,"THO complex","CC"
"133","GO:0045271",0.537876787463583,0.83077478478988,1,12,"respiratory chain complex I","CC"
"134","GO:0000419",0.540293615686383,0.830102702789538,1,11,"RNA polymerase V complex","CC"
"135","GO:0005744",0.540984529792201,0.828495436864447,1,12,"TIM23 mitochondrial import inner membrane translocase complex","CC"
"136","GO:0032300",0.543695706979302,0.828942521747414,1,10,"mismatch repair complex","CC"
"137","GO:0031307",0.548093471021221,0.824333163046847,1,11,"integral component of mitochondrial outer membrane","CC"
"138","GO:0005694",0.553874631010931,0.726156755282829,2,25,"chromosome","CC"
"139","GO:0005771",0.556366190598322,0.816907990178488,1,12,"multivesicular body","CC"
"140","GO:0030687",0.584123864125273,0.793585992754179,1,13,"preribosome, large subunit precursor","CC"
"141","GO:0009574",0.595551768346545,0.78497649728966,1,12,"preprophase band","CC"
"142","GO:0000790",0.606060220756994,0.674815546819032,2,29,"nuclear chromatin","CC"
"143","GO:0005576",0.609667831596819,0.453056902941052,44,683,"extracellular region","CC"
"144","GO:0032580",0.612664468065006,0.767701254275431,1,14,"Golgi cisterna membrane","CC"
"145","GO:0005732",0.620379276063017,0.759714781031284,1,15,"small nucleolar ribonucleoprotein complex","CC"
"146","GO:0009508",0.622308758083038,0.758799903056284,1,14,"plastid chromosome","CC"
"147","GO:0009570",0.624439758820525,0.452630672867419,28,437,"chloroplast stroma","CC"
"148","GO:0022625",0.624687334415934,0.605314134387459,3,52,"cytosolic large ribosomal subunit","CC"
"149","GO:0005783",0.636482107208544,0.442766059860445,26,403,"endoplasmic reticulum","CC"
"150","GO:0005747",0.641548986882104,0.636347253205588,2,34,"mitochondrial respiratory chain complex I","CC"
"151","GO:0031969",0.641856333265385,0.536503871666004,5,80,"chloroplast membrane","CC"
"152","GO:0000145",0.646291092290615,0.735587273951702,1,14,"exocyst","CC"
"153","GO:0010287",0.652883719684234,0.574621280403852,3,52,"plastoglobule","CC"
"154","GO:0005788",0.663951853118567,0.716460356934246,1,15,"endoplasmic reticulum lumen","CC"
"155","GO:0005635",0.666382841528371,0.560266761290215,3,47,"nuclear envelope","CC"
"156","GO:0005938",0.669592164091601,0.710462246940242,1,15,"cell cortex","CC"
"157","GO:0009706",0.670899869830013,0.524505341165728,4,67,"chloroplast inner membrane","CC"
"158","GO:0012505",0.686720224017048,0.585198500924439,2,35,"endomembrane system","CC"
"159","GO:0005730",0.693598065127523,0.404758961869008,15,245,"nucleolus","CC"
"160","GO:0005834",0.695036852431548,0.575328484489995,2,35,"heterotrimeric G-protein complex","CC"
"161","GO:0090406",0.696097066117093,0.679175140946941,1,17,"pollen tube","CC"
"162","GO:0042651",0.733699046461725,0.631567030024788,1,19,"thylakoid membrane","CC"
"163","GO:0048046",0.737159886833695,0.376392678618619,10,174,"apoplast","CC"
"164","GO:0005774",0.744722280389285,0.340953679613499,17,284,"vacuolar membrane","CC"
"165","GO:0019005",0.746552792083209,0.509316295411746,2,39,"SCF ubiquitin ligase complex","CC"
"166","GO:0005773",0.751652608212257,0.330529140439244,18,302,"vacuole","CC"
"167","GO:0009504",0.762769786257352,0.591492589333456,1,20,"cell plate","CC"
"168","GO:0071013",0.777505547461508,0.569513603592051,1,21,"catalytic step 2 spliceosome","CC"
"169","GO:1990904",0.778402825688996,0.464811910643148,2,42,"ribonucleoprotein complex","CC"
"170","GO:0005887",0.785425142838672,0.408920671955009,3,59,"integral component of plasma membrane","CC"
"171","GO:0005840",0.788210456203392,0.334985196526236,7,144,"ribosome","CC"
"172","GO:0005794",0.792564149882382,0.261306191459552,35,577,"Golgi apparatus","CC"
"173","GO:0005759",0.794007954798613,0.39665287640829,3,61,"mitochondrial matrix","CC"
"174","GO:0000785",0.802925580038543,0.530261552992651,1,21,"chromatin","CC"
"175","GO:0005789",0.804372911527754,0.28522920800939,12,215,"endoplasmic reticulum membrane","CC"
"176","GO:0019898",0.816154527667556,0.506875890895257,1,24,"extrinsic component of membrane","CC"
"177","GO:0005886",0.824641713585169,0.207024622604753,89,1414,"plasma membrane","CC"
"178","GO:0005778",0.825868068986208,0.489810766908902,1,25,"peroxisomal membrane","CC"
"179","GO:0010008",0.828966368444703,0.388011604802984,2,44,"endosome membrane","CC"
"180","GO:0031966",0.831415394385536,0.479251417158206,1,27,"mitochondrial membrane","CC"
"181","GO:0005623",0.835438958397531,0.377192379386812,2,46,"cell","CC"
"182","GO:0005770",0.836396220789432,0.471180509486427,1,25,"late endosome","CC"
"183","GO:0005768",0.856667722751645,0.225775340248664,10,191,"endosome","CC"
"184","GO:0009705",0.859370056118279,0.336469880932786,2,49,"plant-type vacuole membrane","CC"
"185","GO:0000151",0.859706293101732,0.426928286310112,1,26,"ubiquitin ligase complex","CC"
"186","GO:0031977",0.860731784048179,0.423460000133838,1,30,"thylakoid lumen","CC"
"187","GO:0005643",0.875010318836756,0.39560155222182,1,27,"nuclear pore","CC"
"188","GO:0080008",0.877851421637762,0.245246471545503,4,88,"Cul4-RING E3 ubiquitin ligase complex","CC"
"189","GO:0000139",0.884170787719909,0.192122669436744,9,181,"Golgi membrane","CC"
"190","GO:0009579",0.917297143614874,0.166837881826889,5,130,"thylakoid","CC"
"191","GO:0005622",0.920839532748693,0.172081462004173,4,103,"intracellular","CC"
"192","GO:0005777",0.931661901990787,0.14227989133064,5,126,"peroxisome","CC"
"193","GO:0005856",0.93444206987976,0.251317250107425,1,37,"cytoskeleton","CC"
"194","GO:0022627",0.935608767658573,0.247139557917236,1,43,"cytosolic small ribosomal subunit","CC"
"195","GO:0009536",0.936947754167593,0.110349254387235,10,222,"plastid","CC"
"196","GO:0000502",0.94141701844256,0.231060159756275,1,41,"proteasome complex","CC"
"197","GO:0005737",0.951518445236684,0.0597454646479318,119,1991,"cytoplasm","CC"
"198","GO:0009535",0.955605797443376,0.0829847201434347,9,225,"chloroplast thylakoid membrane","CC"
"199","GO:0022626",0.956783463444224,0.134852431688211,2,76,"cytosolic ribosome","CC"
"200","GO:0009941",0.971782053010172,0.0472879397284044,17,378,"chloroplast envelope","CC"
"201","GO:0016020",0.977889612503468,0.0321932791280934,39,761,"membrane","CC"
"202","GO:0009505",0.980645495471786,0.0520629679429525,4,133,"plant-type cell wall","CC"
"203","GO:0043231",0.980783506245504,0.0981936101048794,1,55,"intracellular membrane-bounded organelle","CC"
"204","GO:0016021",0.984274154136331,0.0204892522044914,104,1853,"integral component of membrane","CC"
"205","GO:0005829",0.998702054661717,0.00200947900232904,57,1172,"cytosol","CC"
"206","GO:0034709",0.999999999954379,0.938746348648664,0,1,"methylosome","CC"
"207","GO:0031303",0.999999999956948,0.942504139807464,0,1,"integral component of endosome membrane","CC"
"208","GO:0001401",0.999999999962058,0.93445446295801,0,1,"mitochondrial sorting and assembly machinery complex","CC"
"209","GO:0071021",0.99999999996228,0.936539300373472,0,1,"U2-type post-spliceosomal complex","CC"
"210","GO:0071540",0.999999999963399,0.925297617156725,0,1,"eukaryotic translation initiation factor 3 complex, eIF3e","CC"
"211","GO:0019867",0.999999999963471,0.933560300572831,0,1,"outer membrane","CC"
"212","GO:0045282",0.999999999965147,0.927726978709372,0,1,"plasma membrane succinate dehydrogenase complex","CC"
"213","GO:0042643",0.999999999965155,0.929567066856356,0,1,"actomyosin, actin portion","CC"
"214","GO:0071781",0.999999999965438,0.932016209855585,0,1,"endoplasmic reticulum cisternal network","CC"
"215","GO:0085035",0.999999999965438,0.932016209855585,0,1,"haustorium","CC"
"216","GO:0010318",0.999999999966156,0.928077513838255,0,1,"pyrophosphate-dependent phosphofructokinase complex, beta-subunit complex","CC"
"217","GO:0090568",0.999999999966176,0.934566628055284,0,1,"nuclear transcriptional repressor complex","CC"
"218","GO:0030663",0.999999999966315,0.920563551838632,0,1,"COPI-coated vesicle membrane","CC"
"219","GO:0043073",0.999999999966509,0.940012497114159,0,1,"germ cell nucleus","CC"
"220","GO:0010317",0.999999999968358,0.92668967463998,0,1,"pyrophosphate-dependent phosphofructokinase complex, alpha-subunit complex","CC"
"221","GO:0031416",0.999999999968511,0.93535404630565,0,1,"NatB complex","CC"
"222","GO:0030122",0.99999999996908,0.917766259832261,0,1,"AP-2 adaptor complex","CC"
"223","GO:0008024",0.999999999969415,0.925724029286591,0,1,"cyclin/CDK positive transcription elongation factor complex","CC"
"224","GO:0009537",0.999999999969434,0.937781608737785,0,1,"proplastid","CC"
"225","GO:0010009",0.999999999969732,0.933186418523062,0,1,"cytoplasmic side of endosome membrane","CC"
"226","GO:0008290",0.999999999970755,0.935364545737006,0,1,"F-actin capping protein complex","CC"
"227","GO:0031501",0.999999999970824,0.932975849645963,0,1,"mannosyltransferase complex","CC"
"228","GO:0008287",0.999999999970926,0.934342776363393,0,1,"protein serine/threonine phosphatase complex","CC"
"229","GO:0033290",0.999999999970926,0.934342776363393,0,1,"eukaryotic 48S preinitiation complex","CC"
"230","GO:0035061",0.999999999971286,0.933643748565425,0,1,"interchromatin granule","CC"
"231","GO:0032807",0.999999999971534,0.921166793592009,0,1,"DNA ligase IV complex","CC"
"232","GO:0002144",0.999999999971652,0.934515585084846,0,1,"cytosolic tRNA wobble base thiouridylase complex","CC"
"233","GO:0005672",0.999999999971742,0.938972807451717,0,1,"transcription factor TFIIA complex","CC"
"234","GO:0016461",0.999999999971992,0.917362006227304,0,1,"unconventional myosin complex","CC"
"235","GO:0031618",0.999999999972254,0.927781388362281,0,1,"nuclear pericentric heterochromatin","CC"
"236","GO:0090577",0.999999999972254,0.927781388362281,0,1,"RNA polymerase IV transcription factor complex","CC"
"237","GO:1990070",0.99999999997236,0.937631567224732,0,1,"TRAPPI protein complex","CC"
"238","GO:1990072",0.99999999997236,0.937631567224732,0,1,"TRAPPIII protein complex","CC"
"239","GO:0031981",0.999999999972398,0.932956819525037,0,1,"nuclear lumen","CC"
"240","GO:0071008",0.999999999972398,0.932956819525037,0,1,"U2-type post-mRNA release spliceosomal complex","CC"
"241","GO:0045335",0.999999999973107,0.934694659616672,0,1,"phagocytic vesicle","CC"
"242","GO:0019185",0.999999999973447,0.931113965762917,0,1,"snRNA-activating protein complex","CC"
"243","GO:0043235",0.999999999974039,0.936778596544894,0,1,"receptor complex","CC"
"244","GO:0031595",0.999999999974411,0.930544407503348,0,1,"nuclear proteasome complex","CC"
"245","GO:0005761",0.999999999974458,0.943429645989909,0,1,"mitochondrial ribosome","CC"
"246","GO:0010368",0.999999999974574,0.921613749205205,0,1,"chloroplast isoamylase complex","CC"
"247","GO:0097431",0.999999999974617,0.935601685156314,0,1,"mitotic spindle pole","CC"
"248","GO:0046862",0.999999999974727,0.932079468192349,0,1,"chromoplast membrane","CC"
"249","GO:0030690",0.999999999974985,0.928194426653864,0,1,"Noc1p-Noc2p complex","CC"
"250","GO:0030691",0.999999999974985,0.928194426653864,0,1,"Noc2p-Noc3p complex","CC"
"251","GO:0042597",0.999999999975234,0.932824137227149,0,1,"periplasmic space","CC"
"252","GO:0005872",0.999999999975351,0.925674496422467,0,1,"minus-end kinesin complex","CC"
"253","GO:0000818",0.99999999997547,0.937831711393113,0,1,"nuclear MIS12/MIND complex","CC"
"254","GO:0030054",0.999999999975808,0.928090076508107,0,1,"cell junction","CC"
"255","GO:0034098",0.999999999976296,0.929853745270126,0,1,"VCP-NPL4-UFD1 AAA ATPase complex","CC"
"256","GO:0012506",0.999999999976873,0.929604320477879,0,1,"vesicle membrane","CC"
"257","GO:0036396",0.999999999977168,0.929474556798572,0,1,"RNA N6-methyladenosine methyltransferase complex","CC"
"258","GO:0000274",0.999999999977249,0.936658781375996,0,1,"mitochondrial proton-transporting ATP synthase, stator stalk","CC"
"259","GO:0009930",0.999999999977262,0.930966098215859,0,1,"longitudinal side of cell surface","CC"
"260","GO:0044214",0.999999999977282,0.934307341292717,0,1,"spanning component of plasma membrane","CC"
"261","GO:0033176",0.999999999977329,0.937509614184334,0,1,"proton-transporting V-type ATPase complex","CC"
"262","GO:0000306",0.999999999977526,0.925034620019066,0,1,"extrinsic component of vacuolar membrane","CC"
"263","GO:0070772",0.999999999977526,0.925034620019066,0,1,"PAS complex","CC"
"264","GO:0008622",0.999999999977583,0.749008755565801,0,4,"epsilon DNA polymerase complex","CC"
"265","GO:0070522",0.9999999999776,0.933143163675726,0,1,"ERCC4-ERCC1 complex","CC"
"266","GO:0098687",0.999999999977651,0.934266904638061,0,1,"chromosomal region","CC"
"267","GO:0030906",0.999999999978037,0.922743565744608,0,1,"retromer, cargo-selective complex","CC"
"268","GO:1990604",0.99999999997817,0.928068103890409,0,1,"IRE1-TRAF2-ASK1 complex","CC"
"269","GO:0030677",0.999999999978598,0.935359295589293,0,1,"ribonuclease P complex","CC"
"270","GO:0061574",0.999999999978842,0.930753521890528,0,1,"ASAP complex","CC"
"271","GO:0008305",0.999999999978999,0.927631084437305,0,1,"integrin complex","CC"
"272","GO:0043253",0.999999999979078,0.935097904759569,0,1,"chloroplast ribosome","CC"
"273","GO:0035859",0.999999999979113,0.937637117081343,0,1,"Seh1-associated complex","CC"
"274","GO:0031499",0.9999999999792,0.929961410913503,0,1,"TRAMP complex","CC"
"275","GO:0009782",0.999999999979468,0.937150965153508,0,1,"photosystem I antenna complex","CC"
"276","GO:0016282",0.99999999997953,0.931836814263392,0,1,"eukaryotic 43S preinitiation complex","CC"
"277","GO:0035618",0.99999999997953,0.931836814263392,0,1,"root hair","CC"
"278","GO:0055087",0.999999999979692,0.920201111481423,0,1,"Ski complex","CC"
"279","GO:0005797",0.999999999980005,0.755931958893746,0,4,"Golgi medial cisterna","CC"
"280","GO:0030931",0.999999999980085,0.933811597886589,0,1,"heterotetrameric ADPG pyrophosphorylase complex","CC"
"281","GO:1904423",0.99999999998011,0.940670997263802,0,1,"dehydrodolichyl diphosphate synthase complex","CC"
"282","GO:0030121",0.999999999980213,0.921045478290343,0,1,"AP-1 adaptor complex","CC"
"283","GO:0031462",0.99999999998026,0.93806609141106,0,1,"Cul2-RING ubiquitin ligase complex","CC"
"284","GO:0031467",0.99999999998026,0.93806609141106,0,1,"Cul7-RING ubiquitin ligase complex","CC"
"285","GO:0043224",0.99999999998026,0.93806609141106,0,1,"nuclear SCF ubiquitin ligase complex","CC"
"286","GO:0005948",0.999999999980387,0.926139341734068,0,1,"acetolactate synthase complex","CC"
"287","GO:0099738",0.999999999980419,0.930282972164396,0,1,"cell cortex region","CC"
"288","GO:0097361",0.999999999980543,0.931156507686715,0,1,"CIA complex","CC"
"289","GO:0043240",0.999999999980603,0.934587072527522,0,1,"Fanconi anaemia nuclear complex","CC"
"290","GO:0071821",0.999999999980603,0.934587072527522,0,1,"FANCM-MHF complex","CC"
"291","GO:0030864",0.999999999981103,0.865789341099044,0,2,"cortical actin cytoskeleton","CC"
"292","GO:0043626",0.999999999981373,0.937609373439212,0,1,"PCNA complex","CC"
"293","GO:0030119",0.999999999981655,0.927419090578455,0,1,"AP-type membrane coat adaptor complex","CC"
"294","GO:0005796",0.999999999981664,0.938967136686773,0,1,"Golgi lumen","CC"
"295","GO:0009539",0.999999999981822,0.940018250017587,0,1,"photosystem II reaction center","CC"
"296","GO:0045261",0.999999999982166,0.941592041467261,0,1,"proton-transporting ATP synthase complex, catalytic core F(1)","CC"
"297","GO:0097196",0.999999999982469,0.94135799350403,0,1,"Shu complex","CC"
"298","GO:0071458",0.999999999982742,0.746227534165722,0,4,"integral component of cytoplasmic side of endoplasmic reticulum membrane","CC"
"299","GO:0071556",0.999999999982742,0.746227534165722,0,4,"integral component of lumenal side of endoplasmic reticulum membrane","CC"
"300","GO:0030964",0.99999999998283,0.946640829958401,0,1,"NADH dehydrogenase complex","CC"
"301","GO:1990745",0.999999999982898,0.917966570354597,0,1,"EARP complex","CC"
"302","GO:0009571",0.999999999983043,0.933688056256428,0,1,"proplastid stroma","CC"
"303","GO:0070603",0.999999999983194,0.934602416070817,0,1,"SWI/SNF superfamily-type complex","CC"
"304","GO:0043190",0.999999999983349,0.944739691578011,0,1,"ATP-binding cassette (ABC) transporter complex","CC"
"305","GO:0000153",0.999999999983629,0.931371162920877,0,1,"cytoplasmic ubiquitin ligase complex","CC"
"306","GO:0005785",0.999999999983629,0.931371162920877,0,1,"signal recognition particle receptor complex","CC"
"307","GO:0000940",0.999999999983807,0.938004617191085,0,1,"condensed chromosome outer kinetochore","CC"
"308","GO:0019822",0.999999999983832,0.936123858509612,0,1,"P4 peroxisome","CC"
"309","GO:0034448",0.99999999998389,0.936150701742086,0,1,"EGO complex","CC"
"310","GO:0000172",0.999999999984157,0.883082649282971,0,2,"ribonuclease MRP complex","CC"
"311","GO:0005848",0.999999999984208,0.931075789541756,0,1,"mRNA cleavage stimulating factor complex","CC"
"312","GO:0043036",0.999999999984296,0.807734971108153,0,3,"starch grain","CC"
"313","GO:0005784",0.999999999984329,0.932422456311049,0,1,"Sec61 translocon complex","CC"
"314","GO:0071561",0.999999999984407,0.920814993826595,0,1,"nucleus-vacuole junction","CC"
"315","GO:0000938",0.999999999984542,0.720106700684107,0,4,"GARP complex","CC"
"316","GO:0000112",0.999999999984988,0.925502272304362,0,1,"nucleotide-excision repair factor 3 complex","CC"
"317","GO:0031520",0.999999999984988,0.925502272304362,0,1,"plasma membrane of cell tip","CC"
"318","GO:0070776",0.999999999985079,0.936011325804206,0,1,"MOZ/MORF histone acetyltransferase complex","CC"
"319","GO:1990467",0.999999999985079,0.936011325804206,0,1,"NuA3a histone acetyltransferase complex","CC"
"320","GO:1990468",0.999999999985079,0.936011325804206,0,1,"NuA3b histone acetyltransferase complex","CC"
"321","GO:0035098",0.999999999985093,0.747132850998462,0,4,"ESC/E(Z) complex","CC"
"322","GO:0031021",0.999999999985163,0.94146909499536,0,1,"interphase microtubule organizing center","CC"
"323","GO:0005668",0.999999999985167,0.93347229537614,0,1,"RNA polymerase transcription factor SL1 complex","CC"
"324","GO:0031514",0.99999999998527,0.93822845799012,0,1,"motile cilium","CC"
"325","GO:0036064",0.99999999998527,0.93822845799012,0,1,"ciliary basal body","CC"
"326","GO:0008250",0.999999999985482,0.667007534560839,0,6,"oligosaccharyltransferase complex","CC"
"327","GO:0032993",0.999999999985776,0.935259707771935,0,1,"protein-DNA complex","CC"
"328","GO:0071339",0.999999999985826,0.923298286729833,0,1,"MLL1 complex","CC"
"329","GO:0000126",0.999999999985833,0.924874277519299,0,1,"transcription factor TFIIIB complex","CC"
"330","GO:0080085",0.999999999986062,0.930419007946402,0,1,"signal recognition particle, chloroplast targeting","CC"
"331","GO:0030137",0.99999999998615,0.929113511426096,0,1,"COPI-coated vesicle","CC"
"332","GO:0030692",0.999999999986585,0.92890719789378,0,1,"Noc4p-Nop14p complex","CC"
"333","GO:0005657",0.999999999986749,0.74771440471824,0,4,"replication fork","CC"
"334","GO:0089701",0.999999999986752,0.738979246409653,0,4,"U2AF","CC"
"335","GO:0009551",0.999999999986964,0.930144586102636,0,1,"secondary plasmodesma","CC"
"336","GO:0055044",0.999999999986964,0.930144586102636,0,1,"symplast","CC"
"337","GO:0097218",0.999999999986964,0.930144586102636,0,1,"sieve plate","CC"
"338","GO:0035101",0.99999999998742,0.860432145510746,0,2,"FACT complex","CC"
"339","GO:0072357",0.999999999987521,0.934282060791146,0,1,"PTW/PP1 phosphatase complex","CC"
"340","GO:1905202",0.999999999987533,0.931453576786773,0,1,"methylcrotonoyl-CoA carboxylase complex","CC"
"341","GO:1903600",0.99999999998772,0.935803249774294,0,1,"glutaminase complex","CC"
"342","GO:0070013",0.999999999987737,0.923180035281592,0,1,"intracellular organelle lumen","CC"
"343","GO:0036266",0.999999999987749,0.93122056445319,0,1,"Cdc48p-Npl4p-Vms1p AAA ATPase complex","CC"
"344","GO:0005674",0.999999999988078,0.937993446791777,0,1,"transcription factor TFIIF complex","CC"
"345","GO:0034426",0.999999999988078,0.939262637836535,0,1,"etioplast membrane","CC"
"346","GO:0016035",0.999999999988335,0.91628878175382,0,1,"zeta DNA polymerase complex","CC"
"347","GO:0005655",0.999999999988353,0.944116146125396,0,1,"nucleolar ribonuclease P complex","CC"
"348","GO:0030427",0.999999999988368,0.933658507888954,0,1,"site of polarized growth","CC"
"349","GO:0005673",0.999999999988412,0.936745886975852,0,1,"transcription factor TFIIE complex","CC"
"350","GO:0043291",0.999999999988505,0.915140864961464,0,1,"RAVE complex","CC"
"351","GO:0043541",0.99999999998857,0.93971966797517,0,1,"UDP-N-acetylglucosamine transferase complex","CC"
"352","GO:0031380",0.999999999988878,0.736547837155825,0,4,"nuclear RNA-directed RNA polymerase complex","CC"
"353","GO:0031209",0.999999999989057,0.634960960146518,0,6,"SCAR complex","CC"
"354","GO:0005881",0.999999999989074,0.873815471412197,0,2,"cytoplasmic microtubule","CC"
"355","GO:0031011",0.999999999989192,0.601583119364806,0,7,"Ino80 complex","CC"
"356","GO:0005712",0.999999999989192,0.927622148258661,0,1,"chiasma","CC"
"357","GO:0061673",0.999999999989252,0.931135220440186,0,1,"mitotic spindle astral microtubule","CC"
"358","GO:1990023",0.999999999989252,0.931135220440186,0,1,"mitotic spindle midzone","CC"
"359","GO:0033017",0.999999999989296,0.913960997617035,0,1,"sarcoplasmic reticulum membrane","CC"
"360","GO:1990805",0.999999999989512,0.940185267732281,0,1,"central cylinder","CC"
"361","GO:0008274",0.999999999989673,0.871037233191621,0,2,"gamma-tubulin ring complex","CC"
"362","GO:0097255",0.999999999989864,0.870864338461654,0,2,"R2TP complex","CC"
"363","GO:0008623",0.999999999989991,0.936969881460474,0,1,"CHRAC","CC"
"364","GO:0000243",0.999999999990063,0.799210823693603,0,3,"commitment complex","CC"
"365","GO:0005731",0.999999999990105,0.937853993244967,0,1,"nucleolus organizer region","CC"
"366","GO:0042719",0.999999999990248,0.887259580299745,0,2,"mitochondrial intermembrane space protein transporter complex","CC"
"367","GO:0000417",0.999999999990319,0.922910113744222,0,1,"HIR complex","CC"
"368","GO:0005798",0.999999999990459,0.764040832675681,0,4,"Golgi-associated vesicle","CC"
"369","GO:0098807",0.999999999990486,0.941095383910294,0,1,"chloroplast thylakoid membrane protein complex","CC"
"370","GO:0016471",0.999999999990587,0.745420941376174,0,4,"vacuolar proton-transporting V-type ATPase complex","CC"
"371","GO:0000811",0.999999999990631,0.815145701179785,0,3,"GINS complex","CC"
"372","GO:0000111",0.999999999990634,0.925974200139875,0,1,"nucleotide-excision repair factor 2 complex","CC"
"373","GO:0071942",0.999999999990634,0.925974200139875,0,1,"XPC complex","CC"
"374","GO:0032432",0.99999999999066,0.79844443772925,0,3,"actin filament bundle","CC"
"375","GO:0005838",0.999999999990972,0.87439592274592,0,2,"proteasome regulatory particle","CC"
"376","GO:0032545",0.999999999991124,0.921931164605246,0,1,"CURI complex","CC"
"377","GO:0034456",0.999999999991124,0.921931164605246,0,1,"UTP-C complex","CC"
"378","GO:0032592",0.999999999991233,0.93481297620207,0,1,"integral component of mitochondrial membrane","CC"
"379","GO:0000333",0.999999999991453,0.924401562220048,0,1,"telomerase catalytic core complex","CC"
"380","GO:0010168",0.999999999991624,0.93356520038717,0,1,"ER body","CC"
"381","GO:0009533",0.999999999991663,0.668104739454138,0,6,"chloroplast stromal thylakoid","CC"
"382","GO:0033179",0.999999999991672,0.769957413357828,0,4,"proton-transporting V-type ATPase, V0 domain","CC"
"383","GO:0071006",0.99999999999173,0.864016382283945,0,2,"U2-type catalytic step 1 spliceosome","CC"
"384","GO:0005814",0.999999999992046,0.938859482382136,0,1,"centriole","CC"
"385","GO:0009573",0.999999999992068,0.939513649202772,0,1,"chloroplast ribulose bisphosphate carboxylase complex","CC"
"386","GO:0005652",0.999999999992083,0.79346680752325,0,3,"nuclear lamina","CC"
"387","GO:0000795",0.999999999992204,0.922958553820069,0,1,"synaptonemal complex","CC"
"388","GO:0030015",0.999999999992326,0.763268676568547,0,4,"CCR4-NOT core complex","CC"
"389","GO:0005750",0.999999999992548,0.70589831909091,0,5,"mitochondrial respiratory chain complex III","CC"
"390","GO:0033263",0.999999999992877,0.73977376575557,0,4,"CORVET complex","CC"
"391","GO:0061908",0.999999999993239,0.932748735809901,0,1,"phagophore","CC"
"392","GO:0000118",0.999999999993317,0.748921763205021,0,4,"histone deacetylase complex","CC"
"393","GO:0071020",0.999999999993346,0.937200470991991,0,1,"post-spliceosomal complex","CC"
"394","GO:0005740",0.999999999993394,0.705755705020034,0,5,"mitochondrial envelope","CC"
"395","GO:0090404",0.999999999993401,0.737009580480038,0,4,"pollen tube tip","CC"
"396","GO:0030658",0.999999999993444,0.809083941908357,0,3,"transport vesicle membrane","CC"
"397","GO:0055038",0.999999999993444,0.809083941908357,0,3,"recycling endosome membrane","CC"
"398","GO:0031080",0.999999999993455,0.698646072241531,0,5,"nuclear pore outer ring","CC"
"399","GO:0005835",0.999999999993457,0.932111188262083,0,1,"fatty acid synthase complex","CC"
"400","GO:0032039",0.9999999999935,0.925215295334259,0,1,"integrator complex","CC"
"401","GO:0005847",0.999999999993565,0.62768573066946,0,6,"mRNA cleavage and polyadenylation specificity factor complex","CC"
"402","GO:0035619",0.999999999993687,0.77797686989895,0,3,"root hair tip","CC"
"403","GO:0036020",0.999999999993827,0.923450887976461,0,1,"endolysosome membrane","CC"
"404","GO:0009516",0.999999999993945,0.928512017066167,0,1,"leucoplast","CC"
"405","GO:0032797",0.999999999994057,0.86806847137696,0,2,"SMN complex","CC"
"406","GO:0005687",0.999999999994115,0.820986011664603,0,3,"U4 snRNP","CC"
"407","GO:0000506",0.99999999999417,0.878394785881191,0,2,"glycosylphosphatidylinositol-N-acetylglucosaminyltransferase (GPI-GnT) complex","CC"
"408","GO:0043186",0.999999999994227,0.928361478818156,0,1,"P granule","CC"
"409","GO:0031227",0.999999999994442,0.935040697525326,0,1,"intrinsic component of endoplasmic reticulum membrane","CC"
"410","GO:0000779",0.999999999994443,0.923588626875999,0,1,"condensed chromosome, centromeric region","CC"
"411","GO:0042175",0.999999999994485,0.93598458251423,0,1,"nuclear outer membrane-endoplasmic reticulum membrane network","CC"
"412","GO:0000178",0.99999999999449,0.64581209992395,0,6,"exosome (RNase complex)","CC"
"413","GO:0016591",0.99999999999449,0.866430360442157,0,2,"RNA polymerase II, holoenzyme","CC"
"414","GO:0043601",0.999999999994541,0.929159630717285,0,1,"nuclear replisome","CC"
"415","GO:0043614",0.9999999999946,0.864538285351758,0,2,"multi-eIF complex","CC"
"416","GO:0045239",0.999999999994624,0.927229117965121,0,1,"tricarboxylic acid cycle enzyme complex","CC"
"417","GO:0034455",0.99999999999473,0.926382255246723,0,1,"t-UTP complex","CC"
"418","GO:0030124",0.999999999994889,0.748869716896257,0,4,"AP-4 adaptor complex","CC"
"419","GO:0030897",0.999999999994894,0.585097222835522,0,7,"HOPS complex","CC"
"420","GO:0070274",0.999999999994943,0.929504062840177,0,1,"RES complex","CC"
"421","GO:0000275",0.999999999995049,0.762110496053122,0,4,"mitochondrial proton-transporting ATP synthase complex, catalytic core F(1)","CC"
"422","GO:0005815",0.999999999995208,0.600205999715253,0,7,"microtubule organizing center","CC"
"423","GO:0044599",0.999999999995294,0.927568722303663,0,1,"AP-5 adaptor complex","CC"
"424","GO:0015935",0.999999999995303,0.679960224626408,0,6,"small ribosomal subunit","CC"
"425","GO:0031417",0.999999999995405,0.934720337926862,0,1,"NatC complex","CC"
"426","GO:0009360",0.999999999995533,0.925353462117587,0,1,"DNA polymerase III complex","CC"
"427","GO:0033588",0.999999999995692,0.753461674342427,0,4,"Elongator holoenzyme complex","CC"
"428","GO:0005658",0.999999999995805,0.736309394045274,0,4,"alpha DNA polymerase:primase complex","CC"
"429","GO:0097268",0.999999999995816,0.929364726957555,0,1,"cytoophidium","CC"
"430","GO:0097708",0.999999999995816,0.929364726957555,0,1,"intracellular vesicle","CC"
"431","GO:0090661",0.999999999995819,0.941019659091776,0,1,"box H/ACA telomerase RNP complex","CC"
"432","GO:0034045",0.999999999995838,0.596262149310244,0,7,"phagophore assembly site membrane","CC"
"433","GO:0043078",0.999999999995841,0.822382857797361,0,3,"polar nucleus","CC"
"434","GO:0032299",0.99999999999594,0.870657560667626,0,2,"ribonuclease H2 complex","CC"
"435","GO:0034719",0.99999999999595,0.937139970722331,0,1,"SMN-Sm protein complex","CC"
"436","GO:0005971",0.999999999996012,0.863190401841546,0,2,"ribonucleoside-diphosphate reductase complex","CC"
"437","GO:0016605",0.999999999996049,0.753760062889872,0,4,"PML body","CC"
"438","GO:0009329",0.999999999996161,0.93975979351862,0,1,"acetate CoA-transferase complex","CC"
"439","GO:0098572",0.999999999996306,0.938893459909359,0,1,"stromal side of plastid thylakoid membrane","CC"
"440","GO:0005851",0.999999999996315,0.657167141154683,0,6,"eukaryotic translation initiation factor 2B complex","CC"
"441","GO:0044611",0.999999999996504,0.614942685366305,0,6,"nuclear pore inner ring","CC"
"442","GO:0032153",0.99999999999658,0.801941140699182,0,3,"cell division site","CC"
"443","GO:0008076",0.999999999996662,0.819276803546748,0,3,"voltage-gated potassium channel complex","CC"
"444","GO:0000792",0.999999999996791,0.882638916332927,0,2,"heterochromatin","CC"
"445","GO:0009569",0.999999999996865,0.69379375944788,0,5,"chloroplast starch grain","CC"
"446","GO:0016324",0.999999999996933,0.75970229285638,0,4,"apical plasma membrane","CC"
"447","GO:0005720",0.999999999996996,0.860404442400416,0,2,"nuclear heterochromatin","CC"
"448","GO:0005947",0.999999999997006,0.871840570504048,0,2,"mitochondrial alpha-ketoglutarate dehydrogenase complex","CC"
"449","GO:0005663",0.999999999997098,0.647796115112033,0,6,"DNA replication factor C complex","CC"
"450","GO:0072686",0.999999999997104,0.629822919388495,0,6,"mitotic spindle","CC"
"451","GO:0008275",0.999999999997252,0.858541134472499,0,2,"gamma-tubulin small complex","CC"
"452","GO:0009511",0.999999999997265,0.929470874986201,0,1,"plasmodesmatal endoplasmic reticulum","CC"
"453","GO:0005662",0.999999999997303,0.69870775237687,0,5,"DNA replication factor A complex","CC"
"454","GO:0030896",0.999999999997534,0.938916121132568,0,1,"checkpoint clamp complex","CC"
"455","GO:0005955",0.999999999997675,0.925402135230647,0,1,"calcineurin complex","CC"
"456","GO:0030093",0.999999999997676,0.833279684195445,0,3,"chloroplast photosystem I","CC"
"457","GO:0010005",0.999999999997721,0.642871420611908,0,6,"cortical microtubule, transverse to long axis","CC"
"458","GO:0000943",0.999999999997805,0.936172189971094,0,1,"retrotransposon nucleocapsid","CC"
"459","GO:0005956",0.99999999999798,0.871723860544311,0,2,"protein kinase CK2 complex","CC"
"460","GO:0042406",0.999999999998216,0.71515470474,0,5,"extrinsic component of endoplasmic reticulum membrane","CC"
"461","GO:0070552",0.999999999998391,0.817018989396055,0,3,"BRISC complex","CC"
"462","GO:0045177",0.999999999998401,0.929415819911592,0,1,"apical part of cell","CC"
"463","GO:0033178",0.999999999998441,0.878111728297002,0,2,"proton-transporting two-sector ATPase complex, catalytic domain","CC"
"464","GO:0097344",0.999999999998596,0.863637806711239,0,2,"Rix1 complex","CC"
"465","GO:0002189",0.999999999998606,0.760726461030321,0,4,"ribose phosphate diphosphokinase complex","CC"
"466","GO:0030915",0.999999999998649,0.694410176664243,0,5,"Smc5-Smc6 complex","CC"
"467","GO:0031262",0.999999999998691,0.934474821242584,0,1,"Ndc80 complex","CC"
"468","GO:0070652",0.999999999998787,0.685895198236896,0,5,"HAUS complex","CC"
"469","GO:0009331",0.999999999998852,0.759274306058294,0,4,"glycerol-3-phosphate dehydrogenase complex","CC"
"470","GO:0005776",0.999999999999157,0.635223001966588,0,6,"autophagosome","CC"
"471","GO:0044432",0.999999999999165,0.94112452573295,0,1,"endoplasmic reticulum part","CC"
"472","GO:0000228",0.999999999999167,0.741178798264484,0,4,"nuclear chromosome","CC"
"473","GO:0000439",0.999999999999241,0.746717734559585,0,4,"transcription factor TFIIH core complex","CC"
"474","GO:0000781",0.999999999999274,0.745535691455359,0,4,"chromosome, telomeric region","CC"
"475","GO:0035267",0.999999999999333,0.638450562835918,0,6,"NuA4 histone acetyltransferase complex","CC"
"476","GO:0000812",0.999999999999475,0.752306999702494,0,4,"Swr1 complex","CC"
"477","GO:0009923",0.999999999999612,0.874883650249424,0,2,"fatty acid elongase complex","CC"
"478","GO:0090694",0.999999999999631,0.854317128141634,0,2,"Scc2-Scc4 cohesin loading complex","CC"
"479","GO:0031083",0.999999999999863,0.884154225244574,0,2,"BLOC-1 complex","CC"
"480","GO:0048226",0.999999999999919,0.818625356627865,0,3,"Casparian strip","CC"
"481","GO:0000123",1,0.497766870478305,0,10,"histone acetyltransferase complex","CC"
"482","GO:0000124",1,0.525070278601141,0,9,"SAGA complex","CC"
"483","GO:0000159",1,0.481831974962734,0,10,"protein phosphatase type 2A complex","CC"
"484","GO:0000176",1,0.469014484970189,0,11,"nuclear exosome (RNase complex)","CC"
"485","GO:0000177",1,0.577104881654192,0,8,"cytoplasmic exosome (RNase complex)","CC"
"486","GO:0000325",1,0.15304258545273,0,25,"plant-type vacuole","CC"
"487","GO:0000407",1,0.471701769228223,0,10,"phagophore assembly site","CC"
"488","GO:0000418",1,0.565119408856755,0,8,"RNA polymerase IV complex","CC"
"489","GO:0000775",1,0.306212990338207,0,16,"chromosome, centromeric region","CC"
"490","GO:0000784",1,0.380998365490302,0,13,"nuclear chromosome, telomeric region","CC"
"491","GO:0000974",1,0.566594812457889,0,8,"Prp19 complex","CC"
"492","GO:0005665",1,0.499435101369332,0,10,"RNA polymerase II, core complex","CC"
"493","GO:0005667",1,0.420475771729024,0,12,"transcription factor complex","CC"
"494","GO:0005669",1,0.423847677640711,0,12,"transcription factor TFIID complex","CC"
"495","GO:0005677",1,0.554666849082695,0,8,"chromatin silencing complex","CC"
"496","GO:0005680",1,0.474338096311514,0,10,"anaphase-promoting complex","CC"
"497","GO:0005686",1,0.540257296662449,0,9,"U2 snRNP","CC"
"498","GO:0005689",1,0.514888183543989,0,10,"U12-type spliceosomal complex","CC"
"499","GO:0005736",1,0.503394723741686,0,10,"RNA polymerase I complex","CC"
"500","GO:0005743",1,0.00207192200429757,0,90,"mitochondrial inner membrane","CC"
"501","GO:0005753",1,0.519444755270659,0,10,"mitochondrial proton-transporting ATP synthase complex","CC"
"502","GO:0005758",1,0.454164375312046,0,12,"mitochondrial intermembrane space","CC"
"503","GO:0005762",1,0.383538916060138,0,15,"mitochondrial large ribosomal subunit","CC"
"504","GO:0005763",1,0.586999789127691,0,8,"mitochondrial small ribosomal subunit","CC"
"505","GO:0005786",1,0.574625116808509,0,8,"signal recognition particle, endoplasmic reticulum targeting","CC"
"506","GO:0005793",1,0.544518133733836,0,9,"endoplasmic reticulum-Golgi intermediate compartment","CC"
"507","GO:0005795",1,0.445456143028199,0,11,"Golgi stack","CC"
"508","GO:0005811",1,0.473810316184953,0,11,"lipid droplet","CC"
"509","GO:0005832",1,0.558421945619276,0,8,"chaperonin-containing T-complex","CC"
"510","GO:0005839",1,0.416948801535897,0,13,"proteasome core complex","CC"
"511","GO:0005852",1,0.456944192416951,0,11,"eukaryotic translation initiation factor 3 complex","CC"
"512","GO:0005875",1,0.564361855515916,0,8,"microtubule associated complex","CC"
"513","GO:0005885",1,0.577747475783632,0,8,"Arp2/3 protein complex","CC"
"514","GO:0005905",1,0.532718817094154,0,9,"clathrin-coated pit","CC"
"515","GO:0008180",1,0.535609379614925,0,9,"COP9 signalosome","CC"
"516","GO:0008540",1,0.561845812286232,0,8,"proteasome regulatory particle, base subcomplex","CC"
"517","GO:0008541",1,0.538377735578665,0,9,"proteasome regulatory particle, lid subcomplex","CC"
"518","GO:0009522",1,0.346273256907737,0,17,"photosystem I","CC"
"519","GO:0009523",1,0.347415540247727,0,17,"photosystem II","CC"
"520","GO:0009543",1,0.067072452375782,0,41,"chloroplast thylakoid lumen","CC"
"521","GO:0009654",1,0.599988462722781,0,8,"photosystem II oxygen evolving complex","CC"
"522","GO:0010369",1,0.562789390803513,0,8,"chromocenter","CC"
"523","GO:0012507",1,0.575667517469596,0,8,"ER to Golgi transport vesicle membrane","CC"
"524","GO:0015030",1,0.507708691369834,0,10,"Cajal body","CC"
"525","GO:0015629",1,0.593857823411541,0,8,"actin cytoskeleton","CC"
"526","GO:0015934",1,0.218938613808234,0,24,"large ribosomal subunit","CC"
"527","GO:0016272",1,0.596730175782934,0,8,"prefoldin complex","CC"
"528","GO:0016604",1,0.447773292722466,0,11,"nuclear body","CC"
"529","GO:0030076",1,0.531438295080326,0,10,"light-harvesting complex","CC"
"530","GO:0030125",1,0.41217115330618,0,13,"clathrin vesicle coat","CC"
"531","GO:0030126",1,0.515528260238845,0,9,"COPI vesicle coat","CC"
"532","GO:0030127",1,0.541102544163809,0,8,"COPII vesicle coat","CC"
"533","GO:0030134",1,0.552239639877879,0,9,"COPII-coated ER to Golgi transport vesicle","CC"
"534","GO:0030136",1,0.440479199342693,0,11,"clathrin-coated vesicle","CC"
"535","GO:0030176",1,0.214028891300493,0,22,"integral component of endoplasmic reticulum membrane","CC"
"536","GO:0031305",1,0.412210577071407,0,13,"integral component of mitochondrial inner membrane","CC"
"537","GO:0031359",1,0.536187089936316,0,9,"integral component of chloroplast outer membrane","CC"
"538","GO:0031410",1,0.559377908625866,0,8,"cytoplasmic vesicle","CC"
"539","GO:0031901",1,0.574943882499407,0,8,"early endosome membrane","CC"
"540","GO:0032040",1,0.134311506633137,0,28,"small-subunit processome","CC"
"541","GO:0032991",1,0.443478891843643,0,11,"protein-containing complex","CC"
"542","GO:0034399",1,0.399504691218936,0,12,"nuclear periphery","CC"
"543","GO:0046540",1,0.33187794637323,0,16,"U4/U6 x U5 tri-snRNP complex","CC"
"544","GO:0046930",1,0.586652484699071,0,8,"pore complex","CC"
"545","GO:0048471",1,0.330896618271207,0,15,"perinuclear region of cytoplasm","CC"
"546","GO:0055028",1,0.409025999094874,0,12,"cortical microtubule","CC"
"547","GO:0070469",1,0.555426958128456,0,9,"respiratory chain","CC"
"548","GO:0071004",1,0.554326685410192,0,8,"U2-type prespliceosome","CC"
"549","GO:0071944",1,0.531372415076861,0,9,"cell periphery","CC"
"550","GO:0072546",1,0.583080799401413,0,8,"ER membrane protein complex","CC"
"551","GO:0030686",1.00000000000001,0.882376240265772,0,2,"90S preribosome","CC"
"552","GO:0048188",1.00000000000004,0.768373212749649,0,4,"Set1C/COMPASS complex","CC"
"553","GO:0000445",1.00000000000004,0.754805624969813,0,4,"THO complex part of transcription export complex","CC"
"554","GO:0030139",1.0000000000001,0.935275411226375,0,1,"endocytic vesicle","CC"
"555","GO:0035339",1.00000000000027,0.937404516416549,0,1,"SPOTS complex","CC"
"556","GO:0008278",1.00000000000029,0.788732988257495,0,3,"cohesin complex","CC"
"557","GO:0030131",1.00000000000033,0.641381738557468,0,6,"clathrin adaptor complex","CC"
"558","GO:0000220",1.00000000000039,0.851745235915874,0,2,"vacuolar proton-transporting V-type ATPase, V0 domain","CC"
"559","GO:0042995",1.00000000000049,0.825424758065784,0,3,"cell projection","CC"
"560","GO:0042565",1.00000000000053,0.920626602531161,0,1,"RNA nuclear export complex","CC"
"561","GO:0009538",1.0000000000006,0.692563506564365,0,6,"photosystem I reaction center","CC"
"562","GO:0043527",1.00000000000062,0.933013966319075,0,1,"tRNA methyltransferase complex","CC"
"563","GO:0005656",1.00000000000065,0.807857957017836,0,3,"nuclear pre-replicative complex","CC"
"564","GO:0000326",1.00000000000067,0.828815286046888,0,3,"protein storage vacuole","CC"
"565","GO:0017087",1.00000000000069,0.863624336814654,0,2,"mitochondrial processing peptidase complex","CC"
"566","GO:0070971",1.00000000000083,0.622643781652392,0,6,"endoplasmic reticulum exit site","CC"
"567","GO:0005719",1.00000000000085,0.695282169583358,0,5,"nuclear euchromatin","CC"
"568","GO:0005749",1.00000000000089,0.67534612767008,0,6,"mitochondrial respiratory chain complex II, succinate dehydrogenase complex (ubiquinone)","CC"
"569","GO:0015630",1.00000000000091,0.864413694159933,0,2,"microtubule cytoskeleton","CC"
"570","GO:0016363",1.00000000000092,0.745363740333423,0,4,"nuclear matrix","CC"
"571","GO:0012511",1.00000000000092,0.865463333682706,0,2,"monolayer-surrounded lipid storage body","CC"
"572","GO:0033186",1.00000000000112,0.86193441966119,0,2,"CAF-1 complex","CC"
"573","GO:0071819",1.00000000000117,0.878875606128007,0,2,"DUBm complex","CC"
"574","GO:0042807",1.00000000000118,0.829987486742484,0,3,"central vacuole","CC"
"575","GO:0070062",1.00000000000119,0.628569662909807,0,6,"extracellular exosome","CC"
"576","GO:0032783",1.0000000000012,0.936075588711859,0,1,"ELL-EAF complex","CC"
"577","GO:0061927",1.00000000000133,0.791926956521852,0,3,"TOC-TIC supercomplex I","CC"
"578","GO:0031429",1.00000000000156,0.772850989904025,0,4,"box H/ACA snoRNP complex","CC"
"579","GO:0009346",1.00000000000158,0.802674242094194,0,3,"citrate lyase complex","CC"
"580","GO:0043529",1.00000000000159,0.932056848074361,0,1,"GET complex","CC"
"581","GO:0031461",1.00000000000161,0.746745885571975,0,4,"cullin-RING ubiquitin ligase complex","CC"
"582","GO:0030142",1.00000000000161,0.931641795042919,0,1,"COPI-coated Golgi to ER transport vesicle","CC"
"583","GO:0032587",1.00000000000177,0.871133963712594,0,2,"ruffle membrane","CC"
"584","GO:0032585",1.00000000000177,0.815913252800919,0,3,"multivesicular body membrane","CC"
"585","GO:0032588",1.00000000000179,0.607204817949822,0,7,"trans-Golgi network membrane","CC"
"586","GO:0031415",1.00000000000199,0.761256375479069,0,4,"NatA complex","CC"
"587","GO:0031972",1.00000000000212,0.873945109475153,0,2,"chloroplast intermembrane space","CC"
"588","GO:0030688",1.00000000000213,0.620817719463009,0,7,"preribosome, small subunit precursor","CC"
"589","GO:0031298",1.00000000000215,0.654141316803816,0,6,"replication fork protection complex","CC"
"590","GO:0071007",1.00000000000234,0.747505710247799,0,4,"U2-type catalytic step 2 spliceosome","CC"
"591","GO:0034245",1.00000000000235,0.78475331940857,0,3,"mitochondrial DNA-directed RNA polymerase complex","CC"
"592","GO:0030130",1.00000000000249,0.8555696485008,0,2,"clathrin coat of trans-Golgi network vesicle","CC"
"593","GO:0030132",1.00000000000249,0.8555696485008,0,2,"clathrin coat of coated pit","CC"
"594","GO:0045273",1.00000000000259,0.719978883076083,0,5,"respiratory chain complex II","CC"
"595","GO:0045272",1.00000000000307,0.831624685706775,0,3,"plasma membrane respiratory chain complex I","CC"
"596","GO:0030014",1.00000000000323,0.870642557986223,0,2,"CCR4-NOT complex","CC"
"597","GO:0009509",1.00000000000324,0.810635622779918,0,3,"chromoplast","CC"
"598","GO:0032116",1.00000000000328,0.926400555382363,0,1,"SMC loading complex","CC"
"599","GO:0035097",1.00000000000328,0.672250210955017,0,5,"histone methyltransferase complex","CC"
"600","GO:0031463",1.00000000000332,0.878075038493293,0,2,"Cul3-RING ubiquitin ligase complex","CC"
"601","GO:0000015",1.00000000000338,0.805504888010137,0,3,"phosphopyruvate hydratase complex","CC"
"602","GO:0000323",1.00000000000341,0.806972307687122,0,3,"lytic vacuole","CC"
"603","GO:0016459",1.00000000000341,0.721713745741204,0,4,"myosin complex","CC"
"604","GO:0009783",1.00000000000352,0.881406854145251,0,2,"photosystem II antenna complex","CC"
"605","GO:0034657",1.00000000000355,0.810240711930299,0,3,"GID complex","CC"
"606","GO:0009317",1.00000000000368,0.814241129994032,0,3,"acetyl-CoA carboxylase complex","CC"
"607","GO:0034388",1.00000000000376,0.691595466711511,0,5,"Pwp2p-containing subcomplex of 90S preribosome","CC"
"608","GO:0005688",1.00000000000377,0.685961580155887,0,6,"U6 snRNP","CC"
"609","GO:0071818",1.00000000000386,0.934055686321636,0,1,"BAT3 complex","CC"
"610","GO:0009527",1.00000000000388,0.722145727987504,0,5,"plastid outer membrane","CC"
"611","GO:0033281",1.00000000000397,0.82238942190949,0,3,"TAT protein transport complex","CC"
"612","GO:0070209",1.000000000004,0.924601386125335,0,1,"ASTRA complex","CC"
"613","GO:0070939",1.00000000000402,0.867637403670389,0,2,"Dsl1/NZR complex","CC"
"614","GO:0032586",1.00000000000404,0.869129810672047,0,2,"protein storage vacuole membrane","CC"
"615","GO:0031234",1.0000000000041,0.872216951439191,0,2,"extrinsic component of cytoplasmic side of plasma membrane","CC"
"616","GO:0009897",1.00000000000431,0.863591665110389,0,2,"external side of plasma membrane","CC"
"617","GO:0034663",1.00000000000433,0.861234002630769,0,2,"endoplasmic reticulum chaperone complex","CC"
"618","GO:0036513",1.00000000000439,0.717833943833995,0,5,"Derlin-1 retrotranslocation complex","CC"
"619","GO:1990316",1.00000000000441,0.79994676961883,0,3,"Atg1/ULK1 kinase complex","CC"
"620","GO:0070449",1.00000000000445,0.87818724057207,0,2,"elongin complex","CC"
"621","GO:0046695",1.00000000000452,0.801636626763703,0,3,"SLIK (SAGA-like) complex","CC"
"622","GO:0030904",1.00000000000457,0.604532892596751,0,7,"retromer complex","CC"
"623","GO:0000276",1.00000000000462,0.829647230067254,0,3,"mitochondrial proton-transporting ATP synthase complex, coupling factor F(o)","CC"
"624","GO:0031931",1.00000000000469,0.780031693671041,0,3,"TORC1 complex","CC"
"625","GO:0046861",1.00000000000492,0.736047026889952,0,4,"glyoxysomal membrane","CC"
"626","GO:0031464",1.00000000000501,0.803661166049477,0,3,"Cul4A-RING E3 ubiquitin ligase complex","CC"
"627","GO:0098800",1.00000000000501,0.926558707399067,0,1,"inner mitochondrial membrane protein complex","CC"
"628","GO:0070461",1.00000000000514,0.744948149142466,0,4,"SAGA-type complex","CC"
"629","GO:0033180",1.00000000000515,0.803746241096533,0,3,"proton-transporting V-type ATPase, V1 domain","CC"
"630","GO:0031519",1.00000000000542,0.636366169808779,0,6,"PcG protein complex","CC"
"631","GO:0005845",1.0000000000057,0.692107604251551,0,5,"mRNA cap binding complex","CC"
"632","GO:0033116",1.00000000000578,0.745103096461241,0,4,"endoplasmic reticulum-Golgi intermediate compartment membrane","CC"
"633","GO:0045281",1.0000000000058,0.936048798994449,0,1,"succinate dehydrogenase complex","CC"
"634","GO:0000923",1.00000000000593,0.73556058366034,0,4,"equatorial microtubule organizing center","CC"
"635","GO:0031897",1.000000000006,0.68755795416585,0,5,"Tic complex","CC"
"636","GO:0005684",1.00000000000601,0.805997202158795,0,3,"U2-type spliceosomal complex","CC"
"637","GO:1990112",1.00000000000601,0.850282944862231,0,2,"RQC complex","CC"
"638","GO:0005968",1.00000000000606,0.809426491421682,0,3,"Rab-protein geranylgeranyltransferase complex","CC"
"639","GO:0005697",1.00000000000624,0.803946793753396,0,3,"telomerase holoenzyme complex","CC"
"640","GO:0031261",1.00000000000624,0.863670968394004,0,2,"DNA replication preinitiation complex","CC"
"641","GO:0010598",1.00000000000625,0.94140475723012,0,1,"NAD(P)H dehydrogenase complex (plastoquinone)","CC"
"642","GO:0000799",1.00000000000638,0.85693408135368,0,2,"nuclear condensin complex","CC"
"643","GO:0034515",1.00000000000646,0.852559213461195,0,2,"proteasome storage granule","CC"
"644","GO:0005853",1.00000000000647,0.876392607363866,0,2,"eukaryotic translation elongation factor 1 complex","CC"
"645","GO:0000152",1.00000000000648,0.8593738804684,0,2,"nuclear ubiquitin ligase complex","CC"
"646","GO:0035861",1.00000000000659,0.691191419120753,0,5,"site of double-strand break","CC"
"647","GO:0000421",1.00000000000668,0.60732543027061,0,7,"autophagosome membrane","CC"
"648","GO:0031012",1.00000000000684,0.717246140359388,0,5,"extracellular matrix","CC"
"649","GO:0030095",1.00000000000688,0.727550579979197,0,5,"chloroplast photosystem II","CC"
"650","GO:0055035",1.00000000000704,0.762605823760634,0,4,"plastid thylakoid membrane","CC"
"651","GO:0005849",1.00000000000709,0.86761225590294,0,2,"mRNA cleavage factor complex","CC"
"652","GO:0019773",1.00000000000743,0.623876044322356,0,7,"proteasome core complex, alpha-subunit complex","CC"
"653","GO:0071014",1.00000000000761,0.69386100399871,0,5,"post-mRNA release spliceosomal complex","CC"
"654","GO:0031314",1.00000000000767,0.808769192095227,0,3,"extrinsic component of mitochondrial inner membrane","CC"
"655","GO:0031207",1.00000000000793,0.92824868254292,0,1,"Sec62/Sec63 complex","CC"
"656","GO:0035102",1.00000000000794,0.870555316133265,0,2,"PRC1 complex","CC"
"657","GO:1990726",1.00000000000798,0.733255491782213,0,5,"Lsm1-7-Pat1 complex","CC"
"658","GO:0009512",1.00000000000805,0.832675665451559,0,3,"cytochrome b6f complex","CC"
"659","GO:0005846",1.0000000000085,0.799801250915632,0,3,"nuclear cap binding complex","CC"
"660","GO:0045263",1.00000000000861,0.87856681962944,0,2,"proton-transporting ATP synthase complex, coupling factor F(o)","CC"
"661","GO:0005960",1.00000000000868,0.883562632428968,0,2,"glycine cleavage complex","CC"
"662","GO:0005868",1.00000000000898,0.822037808852521,0,3,"cytoplasmic dynein complex","CC"
"663","GO:0030286",1.00000000000898,0.822037808852521,0,3,"dynein complex","CC"
"664","GO:0019008",1.000000000009,0.933071282108157,0,1,"molybdopterin synthase complex","CC"
"665","GO:0034715",1.0000000000092,0.879731246481593,0,2,"pICln-Sm protein complex","CC"
"666","GO:0071439",1.00000000000923,0.915867873137187,0,1,"clathrin complex","CC"
"667","GO:0043596",1.00000000000932,0.852827387590765,0,2,"nuclear replication fork","CC"
"668","GO:0010006",1.00000000000938,0.864828814273545,0,2,"Toc complex","CC"
"669","GO:0032777",1.00000000000938,0.86495449839867,0,2,"Piccolo NuA4 histone acetyltransferase complex","CC"
"670","GO:0031985",1.00000000000954,0.795895350948744,0,3,"Golgi cisterna","CC"
"671","GO:0030117",1.00000000000972,0.86149845790769,0,2,"membrane coat","CC"
"672","GO:0070390",1.00000000000987,0.79879558559018,0,3,"transcription export complex 2","CC"
"673","GO:0031428",1.00000000000998,0.812283716335285,0,3,"box C/D snoRNP complex","CC"
"674","GO:0005929",1.00000000001006,0.715706977654644,0,5,"cilium","CC"
"675","GO:0030133",1.00000000001008,0.866155644938331,0,2,"transport vesicle","CC"
"676","GO:0005787",1.00000000001019,0.769962538698928,0,4,"signal peptidase complex","CC"
"677","GO:0018444",1.00000000001038,0.866312207676449,0,2,"translation release factor complex","CC"
"678","GO:0032302",1.00000000001051,0.855019765064764,0,2,"MutSbeta complex","CC"
"679","GO:0055037",1.00000000001059,0.823145783019607,0,3,"recycling endosome","CC"
"680","GO:0032541",1.00000000001061,0.868782330978333,0,2,"cortical endoplasmic reticulum","CC"
"681","GO:0070860",1.00000000001074,0.874420382966292,0,2,"RNA polymerase I core factor complex","CC"
"682","GO:0000408",1.00000000001102,0.816740839229392,0,3,"EKC/KEOPS complex","CC"
"683","GO:0005945",1.00000000001105,0.754690358719811,0,4,"6-phosphofructokinase complex","CC"
"684","GO:0030089",1.00000000001133,0.863129104644911,0,2,"phycobilisome","CC"
"685","GO:0000214",1.00000000001149,0.883789201749927,0,2,"tRNA-intron endonuclease complex","CC"
"686","GO:0045025",1.0000000000117,0.864066868190655,0,2,"mitochondrial degradosome","CC"
"687","GO:0000798",1.00000000001185,0.860694427635677,0,2,"nuclear cohesin complex","CC"
"688","GO:0032301",1.00000000001195,0.786657522788324,0,3,"MutSalpha complex","CC"
"689","GO:0071541",1.00000000001243,0.865454686508683,0,2,"eukaryotic translation initiation factor 3 complex, eIF3m","CC"
"690","GO:0000813",1.00000000001252,0.823590556495542,0,3,"ESCRT I complex","CC"
"691","GO:0031597",1.00000000001284,0.810862414733575,0,3,"cytosolic proteasome complex","CC"
"692","GO:0101031",1.00000000001324,0.875417613880426,0,2,"chaperone complex","CC"
"693","GO:0070985",1.00000000001332,0.867972904217576,0,2,"transcription factor TFIIK complex","CC"
"694","GO:0033185",1.0000000000134,0.826188485531899,0,3,"dolichol-phosphate-mannose synthase complex","CC"
"695","GO:0016328",1.00000000001359,0.802491912284038,0,3,"lateral plasma membrane","CC"
"696","GO:0010007",1.00000000001373,0.803509540655552,0,3,"magnesium chelatase complex","CC"
"697","GO:0000312",1.00000000001391,0.887135343037645,0,2,"plastid small ribosomal subunit","CC"
"698","GO:0070822",1.00000000001401,0.865385266123718,0,2,"Sin3-type complex","CC"
"699","GO:0031510",1.00000000001405,0.866236885762831,0,2,"SUMO activating enzyme complex","CC"
"700","GO:0032044",1.00000000001419,0.797681584345428,0,3,"DSIF complex","CC"
"701","GO:0048476",1.00000000001451,0.860012696218367,0,2,"Holliday junction resolvase complex","CC"
"702","GO:0009925",1.00000000001457,0.860647750712279,0,2,"basal plasma membrane","CC"
"703","GO:0005675",1.00000000001463,0.693845584872917,0,5,"transcription factor TFIIH holo complex","CC"
"704","GO:0031932",1.00000000001474,0.850310371509727,0,2,"TORC2 complex","CC"
"705","GO:0019897",1.00000000001475,0.819363717604933,0,3,"extrinsic component of plasma membrane","CC"
"706","GO:0009531",1.00000000001482,0.800313572324772,0,3,"secondary cell wall","CC"
"707","GO:0005854",1.0000000000149,0.881958062155171,0,2,"nascent polypeptide-associated complex","CC"
"708","GO:0044545",1.0000000000151,0.867213089594944,0,2,"NSL complex","CC"
"709","GO:0033063",1.00000000001519,0.873598835828857,0,2,"Rad51B-Rad51C-Rad51D-XRCC2 complex","CC"
"710","GO:0005746",1.00000000001531,0.868350238059178,0,2,"mitochondrial respiratory chain","CC"
"711","GO:0034457",1.00000000001536,0.875615032284669,0,2,"Mpp10 complex","CC"
"712","GO:0030880",1.00000000001563,0.844997360994172,0,2,"RNA polymerase complex","CC"
"713","GO:0070545",1.00000000001564,0.801297274891073,0,3,"PeBoW complex","CC"
"714","GO:0005782",1.00000000001584,0.759397532193501,0,4,"peroxisomal matrix","CC"
"715","GO:0042765",1.00000000001599,0.806213922251691,0,3,"GPI-anchor transamidase complex","CC"
"716","GO:0005953",1.00000000001607,0.874503041663735,0,2,"CAAX-protein geranylgeranyltransferase complex","CC"
"717","GO:0031361",1.00000000001656,0.883095372781349,0,2,"integral component of thylakoid membrane","CC"
"718","GO:0005951",1.00000000001696,0.865232441340478,0,2,"carbamoyl-phosphate synthase complex","CC"
"719","GO:0005742",1.0000000000171,0.87315074403193,0,2,"mitochondrial outer membrane translocase complex","CC"
"720","GO:0034271",1.0000000000172,0.738703862190529,0,4,"phosphatidylinositol 3-kinase complex, class III, type I","CC"
"721","GO:0034272",1.0000000000172,0.738703862190529,0,4,"phosphatidylinositol 3-kinase complex, class III, type II","CC"
"722","GO:0000221",1.00000000001738,0.857953142211006,0,2,"vacuolar proton-transporting V-type ATPase, V1 domain","CC"
"723","GO:0031304",1.00000000001756,0.868458822002387,0,2,"intrinsic component of mitochondrial inner membrane","CC"
"724","GO:0000164",1.00000000001772,0.823515154606991,0,3,"protein phosphatase type 1 complex","CC"
"725","GO:0043625",1.00000000001788,0.808016271084662,0,3,"delta DNA polymerase complex","CC"
"726","GO:0070765",1.00000000001919,0.878754156920382,0,2,"gamma-secretase complex","CC"
"727","GO:0009328",1.00000000001932,0.861578393150086,0,2,"phenylalanine-tRNA ligase complex","CC"
"728","GO:0005637",1.00000000001941,0.865614875046535,0,2,"nuclear inner membrane","CC"
"729","GO:0045252",1.00000000001963,0.861070833829847,0,2,"oxoglutarate dehydrogenase complex","CC"
"730","GO:1990071",1.00000000001966,0.861520138134871,0,2,"TRAPPII protein complex","CC"
"731","GO:0042788",1.00000000001978,0.874995260403168,0,2,"polysomal ribosome","CC"
"732","GO:0017053",1.00000000001981,0.857410764891109,0,2,"transcriptional repressor complex","CC"
"733","GO:0097550",1.00000000002003,0.863978072198641,0,2,"transcriptional preinitiation complex","CC"
"734","GO:0030289",1.00000000002061,0.856519101107947,0,2,"protein phosphatase 4 complex","CC"
"735","GO:0000110",1.00000000002077,0.864239977990475,0,2,"nucleotide-excision repair factor 1 complex","CC"
"736","GO:0070847",1.00000000002109,0.707535766738509,0,5,"core mediator complex","CC"
"737","GO:0044614",1.00000000002139,0.792242655066359,0,3,"nuclear pore cytoplasmic filaments","CC"
"738","GO:0008352",1.00000000002151,0.790849126615721,0,3,"katanin complex","CC"
"739","GO:0005965",1.00000000002174,0.87134155672387,0,2,"protein farnesyltransferase complex","CC"
"740","GO:0000814",1.0000000000218,0.815966349114147,0,3,"ESCRT II complex","CC"
"741","GO:0030008",1.00000000002253,0.826586466833038,0,3,"TRAPP complex","CC"
"742","GO:0005950",1.00000000002255,0.86523228289241,0,2,"anthranilate synthase complex","CC"
"743","GO:0030660",1.00000000002331,0.80151629044608,0,3,"Golgi-associated vesicle membrane","CC"
"744","GO:0043564",1.0000000000238,0.858986488265898,0,2,"Ku70:Ku80 complex","CC"
"745","GO:0005775",1.00000000002446,0.871509521848474,0,2,"vacuolar lumen","CC"
"746","GO:1990879",1.00000000002491,0.865214594148536,0,2,"CST complex","CC"
"747","GO:0012510",1.00000000002578,0.852673062570777,0,2,"trans-Golgi network transport vesicle membrane","CC"
"748","GO:0005751",1.00000000002609,0.82758062189998,0,3,"mitochondrial respiratory chain complex IV","CC"
"749","GO:0031515",1.00000000002625,0.871452233184515,0,2,"tRNA (m1A) methyltransferase complex","CC"
"750","GO:0000808",1.00000000002742,0.807269594157082,0,3,"origin recognition complex","CC"
"751","GO:0005664",1.00000000002742,0.807269594157082,0,3,"nuclear origin of replication recognition complex","CC"
"752","GO:0030870",1.00000000002745,0.788364460546679,0,3,"Mre11 complex","CC"
"753","GO:0005850",1.00000000002851,0.87050768023347,0,2,"eukaryotic translation initiation factor 2 complex","CC"
"754","GO:0031372",1.00000000002875,0.82412582046998,0,3,"UBC13-MMS2 complex","CC"
"755","GO:0000791",1.0000000000297,0.861648426217703,0,2,"euchromatin","CC"
"756","GO:0045254",1.0000000000323,0.854139025544577,0,2,"pyruvate dehydrogenase complex","CC"
"757","GO:0045334",1.00000000003312,0.851035934177284,0,2,"clathrin-coated endocytic vesicle","CC"
